0.2, 0.0, -0.3, 0.1618033988749895, 0.11755705045849463, -0.3, 0.06180339887498949, 0.1902113032590307, -0.3, -0.06180339887498947, 0.19021130325903074, -0.3, -0.16180339887498948, 0.11755705045849466, -0.3, -0.2, 2.4492935982947065e-17, -0.3, -0.1618033988749895, -0.11755705045849461, -0.3, -0.061803398874989514, -0.1902113032590307, -0.3, 0.06180339887498945, -0.19021130325903074, -0.3, 0.16180339887498948, -0.11755705045849468, -0.3, 
0.2, 0.0, -0.2999856598905564, 0.1618033988749895, 0.11755705045832705, -0.2999856598905564, 0.06180339887498949, 0.1902113032587596, -0.2999856598905564, -0.06180339887498947, 0.19021130325875962, -0.2999856598905564, -0.16180339887498948, 0.11755705045832708, -0.2999856598905564, -0.2, 2.4492935982912152e-17, -0.2999856598905564, -0.1618033988749895, -0.11755705045832704, -0.2999856598905564, -0.061803398874989514, -0.1902113032587596, -0.2999856598905564, 0.06180339887498945, -0.19021130325875962, -0.2999856598905564, 0.16180339887498948, -0.11755705045832711, -0.2999856598905564, 
0.2, 0.0, -0.2999327249548739, 0.1618033988749895, 0.1175570504579498, -0.2999327249548739, 0.06180339887498949, 0.19021130325814917, -0.2999327249548739, -0.06180339887498947, 0.1902113032581492, -0.2999327249548739, -0.16180339887498948, 0.11755705045794983, -0.2999327249548739, -0.2, 2.449293598283355e-17, -0.2999327249548739, -0.1618033988749895, -0.11755705045794979, -0.2999327249548739, -0.061803398874989514, -0.19021130325814917, -0.2999327249548739, 0.06180339887498945, -0.1902113032581492, -0.2999327249548739, 0.16180339887498948, -0.11755705045794985, -0.2999327249548739, 
0.2, 0.0, -0.29984119698208617, 0.1618033988749895, 0.11755705045752188, -0.29984119698208617, 0.06180339887498949, 0.19021130325745678, -0.29984119698208617, -0.06180339887498947, 0.1902113032574568, -0.29984119698208617, -0.16180339887498948, 0.1175570504575219, -0.29984119698208617, -0.2, 2.4492935982744393e-17, -0.29984119698208617, -0.1618033988749895, -0.11755705045752186, -0.29984119698208617, -0.061803398874989514, -0.19021130325745678, -0.29984119698208617, 0.06180339887498945, -0.1902113032574568, -0.29984119698208617, 0.16180339887498948, -0.11755705045752193, -0.29984119698208617, 
0.2, 0.0, -0.2997110825766509, 0.1618033988749895, 0.11755705045716358, -0.2997110825766509, 0.06180339887498949, 0.19021130325687702, -0.2997110825766509, -0.06180339887498947, 0.19021130325687705, -0.2997110825766509, -0.16180339887498948, 0.11755705045716361, -0.2997110825766509, -0.2, 2.449293598266974e-17, -0.2997110825766509, -0.1618033988749895, -0.11755705045716357, -0.2997110825766509, -0.061803398874989514, -0.19021130325687702, -0.2997110825766509, 0.06180339887498945, -0.19021130325687705, -0.2997110825766509, 0.16180339887498948, -0.11755705045716364, -0.2997110825766509, 
0.2, 0.0, -0.2995423931583571, 0.1618033988749895, 0.11755705045695612, -0.2995423931583571, 0.06180339887498949, 0.19021130325654137, -0.2995423931583571, -0.06180339887498947, 0.1902113032565414, -0.2995423931583571, -0.16180339887498948, 0.11755705045695615, -0.2995423931583571, -0.2, 2.449293598262652e-17, -0.2995423931583571, -0.1618033988749895, -0.11755705045695611, -0.2995423931583571, -0.061803398874989514, -0.19021130325654137, -0.2995423931583571, 0.06180339887498945, -0.1902113032565414, -0.2995423931583571, 0.16180339887498948, -0.11755705045695618, -0.2995423931583571, 
0.2, 0.0, -0.2993351449619003, 0.1618033988749895, 0.11755705045694165, -0.2993351449619003, 0.06180339887498949, 0.19021130325651794, -0.2993351449619003, -0.06180339887498947, 0.19021130325651797, -0.2993351449619003, -0.16180339887498948, 0.11755705045694168, -0.2993351449619003, -0.2, 2.4492935982623503e-17, -0.2993351449619003, -0.1618033988749895, -0.11755705045694163, -0.2993351449619003, -0.061803398874989514, -0.19021130325651794, -0.2993351449619003, 0.06180339887498945, -0.19021130325651797, -0.2993351449619003, 0.16180339887498948, -0.1175570504569417, -0.2993351449619003, 
0.2, 0.0, -0.2990893590360243, 0.1618033988749895, 0.11755705045712307, -0.2990893590360243, 0.06180339887498949, 0.1902113032568115, -0.2990893590360243, -0.06180339887498947, 0.19021130325681151, -0.2990893590360243, -0.16180339887498948, 0.1175570504571231, -0.2990893590360243, -0.2, 2.4492935982661304e-17, -0.2990893590360243, -0.1618033988749895, -0.11755705045712306, -0.2990893590360243, -0.061803398874989514, -0.1902113032568115, -0.2990893590360243, 0.06180339887498945, -0.19021130325681151, -0.2990893590360243, 0.16180339887498948, -0.11755705045712313, -0.2990893590360243, 
0.2, 0.0, -0.2988050612422298, 0.1618033988749895, 0.11755705045746408, -0.2988050612422298, 0.06180339887498949, 0.19021130325736324, -0.2988050612422298, -0.06180339887498947, 0.19021130325736327, -0.2988050612422298, -0.16180339887498948, 0.1175570504574641, -0.2988050612422298, -0.2, 2.449293598273235e-17, -0.2988050612422298, -0.1618033988749895, -0.11755705045746406, -0.2988050612422298, -0.061803398874989514, -0.19021130325736324, -0.2988050612422298, 0.06180339887498945, -0.19021130325736327, -0.2988050612422298, 0.16180339887498948, -0.11755705045746413, -0.2988050612422298, 
0.2, 0.0, -0.2984822822530481, 0.1618033988749895, 0.11755705045788893, -0.2984822822530481, 0.06180339887498949, 0.1902113032580507, -0.2984822822530481, -0.06180339887498947, 0.19021130325805072, -0.2984822822530481, -0.16180339887498948, 0.11755705045788896, -0.2984822822530481, -0.2, 2.449293598282087e-17, -0.2984822822530481, -0.1618033988749895, -0.11755705045788892, -0.2984822822530481, -0.061803398874989514, -0.1902113032580507, -0.2984822822530481, 0.06180339887498945, -0.19021130325805072, -0.2984822822530481, 0.16180339887498948, -0.11755705045788899, -0.2984822822530481, 
0.2, 0.0, -0.29812105754988044, 0.1618033988749895, 0.11755705045828264, -0.29812105754988044, 0.06180339887498949, 0.1902113032586877, -0.29812105754988044, -0.06180339887498947, 0.19021130325868774, -0.29812105754988044, -0.16180339887498948, 0.11755705045828267, -0.29812105754988044, -0.2, 2.4492935982902898e-17, -0.29812105754988044, -0.1618033988749895, -0.11755705045828263, -0.29812105754988044, -0.061803398874989514, -0.1902113032586877, -0.29812105754988044, 0.06180339887498945, -0.19021130325868774, -0.29812105754988044, 0.16180339887498948, -0.1175570504582827, -0.29812105754988044, 
0.2, 0.0, -0.2977214274204004, 0.1618033988749895, 0.11755705045849082, -0.2977214274204004, 0.06180339887498949, 0.19021130325902458, -0.2977214274204004, -0.06180339887498947, 0.1902113032590246, -0.2977214274204004, -0.16180339887498948, 0.11755705045849085, -0.2977214274204004, -0.2, 2.4492935982946273e-17, -0.2977214274204004, -0.1618033988749895, -0.11755705045849081, -0.2977214274204004, -0.061803398874989514, -0.19021130325902458, -0.2977214274204004, 0.06180339887498945, -0.1902113032590246, -0.2977214274204004, 0.16180339887498948, -0.11755705045849088, -0.2977214274204004, 
0.2, 0.0, -0.2972834369555201, 0.1618033988749895, 0.1175570504583198, -0.2972834369555201, 0.06180339887498949, 0.19021130325874783, -0.2972834369555201, -0.06180339887498947, 0.19021130325874785, -0.2972834369555201, -0.16180339887498948, 0.11755705045831982, -0.2972834369555201, -0.2, 2.449293598291064e-17, -0.2972834369555201, -0.1618033988749895, -0.11755705045831978, -0.2972834369555201, -0.061803398874989514, -0.19021130325874783, -0.2972834369555201, 0.06180339887498945, -0.19021130325874785, -0.2972834369555201, 0.16180339887498948, -0.11755705045831985, -0.2972834369555201, 
0.2, 0.0, -0.2968071360459172, 0.1618033988749895, 0.11755705045753656, -0.2968071360459172, 0.06180339887498949, 0.19021130325748054, -0.2968071360459172, -0.06180339887498947, 0.19021130325748056, -0.2968071360459172, -0.16180339887498948, 0.11755705045753659, -0.2968071360459172, -0.2, 2.4492935982747453e-17, -0.2968071360459172, -0.1618033988749895, -0.11755705045753655, -0.2968071360459172, -0.061803398874989514, -0.19021130325748054, -0.2968071360459172, 0.06180339887498945, -0.19021130325748056, -0.2968071360459172, 0.16180339887498948, -0.11755705045753662, -0.2968071360459172, 
0.2, 0.0, -0.29629257937812237, 0.1618033988749895, 0.11755705045586896, -0.29629257937812237, 0.06180339887498949, 0.1902113032547823, -0.29629257937812237, -0.06180339887498947, 0.19021130325478233, -0.29629257937812237, -0.16180339887498948, 0.11755705045586899, -0.29629257937812237, -0.2, 2.449293598240001e-17, -0.29629257937812237, -0.1618033988749895, -0.11755705045586895, -0.29629257937812237, -0.061803398874989514, -0.1902113032547823, -0.29629257937812237, 0.06180339887498945, -0.19021130325478233, -0.29629257937812237, 0.16180339887498948, -0.11755705045586902, -0.29629257937812237, 
0.2, 0.0, -0.29573982643016566, 0.1618033988749895, 0.11755705045300574, -0.29573982643016566, 0.06180339887498949, 0.1902113032501495, -0.29573982643016566, -0.06180339887498947, 0.19021130325014954, -0.29573982643016566, -0.16180339887498948, 0.11755705045300577, -0.29573982643016566, -0.2, 2.449293598180346e-17, -0.29573982643016566, -0.1618033988749895, -0.11755705045300573, -0.29573982643016566, -0.061803398874989514, -0.1902113032501495, -0.29573982643016566, 0.06180339887498945, -0.19021130325014954, -0.29573982643016566, 0.16180339887498948, -0.1175570504530058, -0.29573982643016566, 
0.2, 0.0, -0.2951489414667795, 0.1618033988749895, 0.11755705044859668, -0.2951489414667795, 0.06180339887498949, 0.1902113032430155, -0.2951489414667795, -0.06180339887498947, 0.19021130324301552, -0.2951489414667795, -0.16180339887498948, 0.11755705044859671, -0.2951489414667795, -0.2, 2.4492935980884835e-17, -0.2951489414667795, -0.1618033988749895, -0.11755705044859667, -0.2951489414667795, -0.061803398874989514, -0.1902113032430155, -0.2951489414667795, 0.06180339887498945, -0.19021130324301552, -0.2951489414667795, 0.16180339887498948, -0.11755705044859674, -0.2951489414667795, 
0.2, 0.0, -0.29451999353415725, 0.1618033988749895, 0.1175570504422527, -0.29451999353415725, 0.06180339887498949, 0.19021130323275073, -0.29451999353415725, -0.06180339887498947, 0.19021130323275076, -0.29451999353415725, -0.16180339887498948, 0.11755705044225273, -0.29451999353415725, -0.2, 2.449293597956307e-17, -0.29451999353415725, -0.1618033988749895, -0.11755705044225269, -0.29451999353415725, -0.061803398874989514, -0.19021130323275073, -0.29451999353415725, 0.06180339887498945, -0.19021130323275076, -0.29451999353415725, 0.16180339887498948, -0.11755705044225276, -0.29451999353415725, 
0.2, 0.0, -0.29385305645426507, 0.1618033988749895, 0.1175570504335461, -0.29385305645426507, 0.06180339887498949, 0.19021130321866314, -0.29385305645426507, -0.06180339887498947, 0.19021130321866317, -0.29385305645426507, -0.16180339887498948, 0.11755705043354613, -0.29385305645426507, -0.2, 2.4492935977749054e-17, -0.29385305645426507, -0.1618033988749895, -0.11755705043354608, -0.29385305645426507, -0.061803398874989514, -0.19021130321866314, -0.29385305645426507, 0.06180339887498945, -0.19021130321866317, -0.29385305645426507, 0.16180339887498948, -0.11755705043354615, -0.29385305645426507, 
0.2, 0.0, -0.29314820881870496, 0.1618033988749895, 0.11755705042201074, -0.29314820881870496, 0.06180339887498949, 0.19021130319999854, -0.29314820881870496, -0.06180339887498947, 0.19021130319999857, -0.29314820881870496, -0.16180339887498948, 0.11755705042201077, -0.29314820881870496, -0.2, 2.449293597534567e-17, -0.29314820881870496, -0.1618033988749895, -0.11755705042201073, -0.29314820881870496, -0.061803398874989514, -0.19021130319999854, -0.29314820881870496, 0.06180339887498945, -0.19021130319999857, -0.29314820881870496, 0.16180339887498948, -0.1175570504220108, -0.29314820881870496, 
0.2, 0.0, -0.292405533982127, 0.1618033988749895, 0.1175570504071422, -0.292405533982127, 0.06180339887498949, 0.19021130317594076, -0.292405533982127, -0.06180339887498947, 0.1902113031759408, -0.292405533982127, -0.16180339887498948, 0.11755705040714223, -0.292405533982127, -0.2, 2.4492935972247822e-17, -0.292405533982127, -0.1618033988749895, -0.11755705040714219, -0.292405533982127, -0.061803398874989514, -0.19021130317594076, -0.292405533982127, 0.06180339887498945, -0.1902113031759408, -0.292405533982127, 0.16180339887498948, -0.11755705040714226, -0.292405533982127, 
0.2, 0.0, -0.2916251200551886, 0.1618033988749895, 0.11755705038839813, -0.2916251200551886, 0.06180339887498949, 0.1902113031456122, -0.2916251200551886, -0.06180339887498947, 0.19021130314561221, -0.2916251200551886, -0.16180339887498948, 0.11755705038839816, -0.2916251200551886, -0.2, 2.4492935968342504e-17, -0.2916251200551886, -0.1618033988749895, -0.11755705038839812, -0.2916251200551886, -0.061803398874989514, -0.1902113031456122, -0.2916251200551886, 0.06180339887498945, -0.19021130314561221, -0.2916251200551886, 0.16180339887498948, -0.11755705038839818, -0.2916251200551886, 
0.2, 0.0, -0.29080705989705796, 0.1618033988749895, 0.11755705036519845, -0.29080705989705796, 0.06180339887498949, 0.19021130310807433, -0.29080705989705796, -0.06180339887498947, 0.19021130310807435, -0.29080705989705796, -0.16180339887498948, 0.11755705036519848, -0.29080705989705796, -0.2, 2.4492935963508867e-17, -0.29080705989705796, -0.1618033988749895, -0.11755705036519844, -0.29080705989705796, -0.061803398874989514, -0.19021130310807433, -0.29080705989705796, 0.06180339887498945, -0.19021130310807435, -0.29080705989705796, 0.16180339887498948, -0.1175570503651985, -0.29080705989705796, 
0.2, 0.0, -0.2899514511074596, 0.1618033988749895, 0.11755705033692562, -0.2899514511074596, 0.06180339887498949, 0.19021130306232795, -0.2899514511074596, -0.06180339887498947, 0.19021130306232797, -0.2899514511074596, -0.16180339887498948, 0.11755705033692565, -0.2899514511074596, -0.2, 2.4492935957618242e-17, -0.2899514511074596, -0.1618033988749895, -0.11755705033692561, -0.2899514511074596, -0.061803398874989514, -0.19021130306232795, -0.2899514511074596, 0.06180339887498945, -0.19021130306232797, -0.2899514511074596, 0.16180339887498948, -0.11755705033692568, -0.2899514511074596, 
0.2, 0.0, -0.2890583960182594, 0.1618033988749895, 0.11755705030292507, -0.2890583960182594, 0.06180339887498949, 0.1902113030073139, -0.2890583960182594, -0.06180339887498947, 0.19021130300731393, -0.2890583960182594, -0.16180339887498948, 0.1175570503029251, -0.2890583960182594, -0.2, 2.449293595053425e-17, -0.2890583960182594, -0.1618033988749895, -0.11755705030292506, -0.2890583960182594, -0.061803398874989514, -0.1902113030073139, -0.2890583960182594, 0.06180339887498945, -0.19021130300731393, -0.2890583960182594, 0.16180339887498948, -0.11755705030292513, -0.2890583960182594, 
0.2, 0.0, -0.2881280016845856, 0.1618033988749895, 0.11755705026250543, -0.2881280016845856, 0.06180339887498949, 0.19021130294191352, -0.2881280016845856, -0.06180339887498947, 0.19021130294191355, -0.2881280016845856, -0.16180339887498948, 0.11755705026250546, -0.2881280016845856, -0.2, 2.4492935942112842e-17, -0.2881280016845856, -0.1618033988749895, -0.11755705026250542, -0.2881280016845856, -0.061803398874989514, -0.19021130294191352, -0.2881280016845856, 0.06180339887498945, -0.19021130294191355, -0.2881280016845856, 0.16180339887498948, -0.11755705026250549, -0.2881280016845856, 
0.2, 0.0, -0.2871603798754842, 0.1618033988749895, 0.11755705021493891, -0.2871603798754842, 0.06180339887498949, 0.19021130286494928, -0.2871603798754842, -0.06180339887498947, 0.1902113028649493, -0.2871603798754842, -0.16180339887498948, 0.11755705021493894, -0.2871603798754842, -0.2, 2.4492935932202386e-17, -0.2871603798754842, -0.1618033988749895, -0.1175570502149389, -0.2871603798754842, -0.061803398874989514, -0.19021130286494928, -0.2871603798754842, 0.06180339887498945, -0.1902113028649493, -0.2871603798754842, 0.16180339887498948, -0.11755705021493897, -0.2871603798754842, 
0.2, 0.0, -0.28615564706410485, 0.1618033988749895, 0.11755705015946176, -0.28615564706410485, 0.06180339887498949, 0.19021130277518536, -0.28615564706410485, -0.06180339887498947, 0.1902113027751854, -0.28615564706410485, -0.16180339887498948, 0.11755705015946179, -0.28615564706410485, -0.2, 2.449293592064376e-17, -0.28615564706410485, -0.1618033988749895, -0.11755705015946175, -0.28615564706410485, -0.061803398874989514, -0.19021130277518536, -0.28615564706410485, 0.06180339887498945, -0.1902113027751854, -0.28615564706410485, 0.16180339887498948, -0.11755705015946182, -0.28615564706410485, 
0.2, 0.0, -0.2851139244174142, 0.1618033988749895, 0.1175570500952746, -0.2851139244174142, 0.06180339887498949, 0.19021130267132838, -0.2851139244174142, -0.06180339887498947, 0.1902113026713284, -0.2851139244174142, -0.16180339887498948, 0.11755705009527463, -0.2851139244174142, -0.2, 2.449293590727041e-17, -0.2851139244174142, -0.1618033988749895, -0.11755705009527459, -0.2851139244174142, -0.061803398874989514, -0.19021130267132838, -0.2851139244174142, 0.06180339887498945, -0.1902113026713284, -0.2851139244174142, 0.16180339887498948, -0.11755705009527466, -0.2851139244174142, 
0.2, 0.0, -0.2840353377854343, 0.1618033988749895, 0.11755705002154297, -0.2840353377854343, 0.06180339887498949, 0.1902113025520281, -0.2840353377854343, -0.06180339887498947, 0.19021130255202812, -0.2840353377854343, -0.16180339887498948, 0.117557050021543, -0.2840353377854343, -0.2, 2.4492935891908468e-17, -0.2840353377854343, -0.1618033988749895, -0.11755705002154296, -0.2840353377854343, -0.061803398874989514, -0.1902113025520281, -0.2840353377854343, 0.06180339887498945, -0.19021130255202812, -0.2840353377854343, 0.16180339887498948, -0.11755705002154303, -0.2840353377854343, 
0.2, 0.0, -0.28292001769000213, 0.1618033988749895, 0.11755704993739761, -0.28292001769000213, 0.06180339887498949, 0.19021130241587803, -0.28292001769000213, -0.06180339887498947, 0.19021130241587805, -0.28292001769000213, -0.16180339887498948, 0.11755704993739764, -0.28292001769000213, -0.2, 2.4492935874376835e-17, -0.28292001769000213, -0.1618033988749895, -0.1175570499373976, -0.28292001769000213, -0.061803398874989514, -0.19021130241587803, -0.28292001769000213, 0.06180339887498945, -0.19021130241587805, -0.28292001769000213, 0.16180339887498948, -0.11755704993739767, -0.28292001769000213, 
0.2, 0.0, -0.2817680993130469, 0.1618033988749895, 0.11755704984193513, -0.2817680993130469, 0.06180339887498949, 0.19021130226141647, -0.2817680993130469, -0.06180339887498947, 0.1902113022614165, -0.2817680993130469, -0.16180339887498948, 0.11755704984193516, -0.2817680993130469, -0.2, 2.449293585448729e-17, -0.2817680993130469, -0.1618033988749895, -0.11755704984193512, -0.2817680993130469, -0.061803398874989514, -0.19021130226141647, -0.2817680993130469, 0.06180339887498945, -0.1902113022614165, -0.2817680993130469, 0.16180339887498948, -0.11755704984193519, -0.2817680993130469, 
0.2, 0.0, -0.2805797224843825, 0.1618033988749895, 0.11755704973421834, -0.2805797224843825, 0.06180339887498949, 0.19021130208712705, -0.2805797224843825, -0.06180339887498947, 0.19021130208712708, -0.2805797224843825, -0.16180339887498948, 0.11755704973421836, -0.2805797224843825, -0.2, 2.4492935832044566e-17, -0.2805797224843825, -0.1618033988749895, -0.11755704973421832, -0.2805797224843825, -0.061803398874989514, -0.19021130208712705, -0.2805797224843825, 0.06180339887498945, -0.19021130208712708, -0.2805797224843825, 0.16180339887498948, -0.11755704973421839, -0.2805797224843825, 
0.2, 0.0, -0.27935503166901066, 0.1618033988749895, 0.11755704961327694, -0.27935503166901066, 0.06180339887498949, 0.19021130189143978, -0.27935503166901066, -0.06180339887498947, 0.1902113018914398, -0.27935503166901066, -0.16180339887498948, 0.11755704961327697, -0.27935503166901066, -0.2, 2.4492935806846505e-17, -0.27935503166901066, -0.1618033988749895, -0.11755704961327693, -0.27935503166901066, -0.061803398874989514, -0.19021130189143978, -0.27935503166901066, 0.06180339887498945, -0.1902113018914398, -0.27935503166901066, 0.16180339887498948, -0.117557049613277, -0.27935503166901066, 
0.2, 0.0, -0.2780941759539319, 0.1618033988749895, 0.117557049478108, -0.2780941759539319, 0.06180339887498949, 0.19021130167273181, -0.2780941759539319, -0.06180339887498947, 0.19021130167273184, -0.2780941759539319, -0.16180339887498948, 0.11755704947810802, -0.2780941759539319, -0.2, 2.449293577868414e-17, -0.2780941759539319, -0.1618033988749895, -0.11755704947810798, -0.2780941759539319, -0.061803398874989514, -0.19021130167273181, -0.2780941759539319, 0.06180339887498945, -0.19021130167273184, -0.2780941759539319, 0.16180339887498948, -0.11755704947810805, -0.2780941759539319, 
0.2, 0.0, -0.27679730903446065, 0.1618033988749895, 0.11755704932767644, -0.27679730903446065, 0.06180339887498949, 0.19021130142932843, -0.27679730903446065, -0.06180339887498947, 0.19021130142932846, -0.27679730903446065, -0.16180339887498948, 0.11755704932767647, -0.27679730903446065, -0.2, 2.449293574734182e-17, -0.27679730903446065, -0.1618033988749895, -0.11755704932767642, -0.27679730903446065, -0.061803398874989514, -0.19021130142932843, -0.27679730903446065, 0.06180339887498945, -0.19021130142932846, -0.27679730903446065, 0.16180339887498948, -0.1175570493276765, -0.27679730903446065, 
0.2, 0.0, -0.27546458920004036, 0.1618033988749895, 0.11755704916091576, -0.27546458920004036, 0.06180339887498949, 0.19021130115950402, -0.27546458920004036, -0.06180339887498947, 0.19021130115950405, -0.27546458920004036, -0.16180339887498948, 0.11755704916091579, -0.27546458920004036, -0.2, 2.4492935712597343e-17, -0.27546458920004036, -0.1618033988749895, -0.11755704916091575, -0.27546458920004036, -0.061803398874989514, -0.19021130115950402, -0.27546458920004036, 0.06180339887498945, -0.19021130115950405, -0.27546458920004036, 0.16180339887498948, -0.11755704916091582, -0.27546458920004036, 
0.2, 0.0, -0.27409617931955554, 0.1618033988749895, 0.11755704897672863, -0.27409617931955554, 0.06180339887498949, 0.19021130086148297, -0.27409617931955554, -0.06180339887498947, 0.190211300861483, -0.27409617931955554, -0.16180339887498948, 0.11755704897672865, -0.27409617931955554, -0.2, 2.449293567422207e-17, -0.27409617931955554, -0.1618033988749895, -0.11755704897672861, -0.27409617931955554, -0.061803398874989514, -0.19021130086148297, -0.27409617931955554, 0.06180339887498945, -0.190211300861483, -0.27409617931955554, 0.16180339887498948, -0.11755704897672868, -0.27409617931955554, 
0.2, 0.0, -0.27269224682613635, 0.1618033988749895, 0.11755704877398744, -0.27269224682613635, 0.06180339887498949, 0.19021130053344082, -0.27269224682613635, -0.06180339887498947, 0.19021130053344085, -0.27269224682613635, -0.16180339887498948, 0.11755704877398747, -0.27269224682613635, -0.2, 2.4492935631981074e-17, -0.27269224682613635, -0.1618033988749895, -0.11755704877398743, -0.27269224682613635, -0.061803398874989514, -0.19021130053344082, -0.27269224682613635, 0.06180339887498945, -0.19021130053344085, -0.27269224682613635, 0.16180339887498948, -0.1175570487739875, -0.27269224682613635, 
0.2, 0.0, -0.27125296370145247, 0.1618033988749895, 0.11755704855153505, -0.27125296370145247, 0.06180339887498949, 0.1902113001735053, -0.27125296370145247, -0.06180339887498947, 0.19021130017350532, -0.27125296370145247, -0.16180339887498948, 0.11755704855153508, -0.27125296370145247, -0.2, 2.449293558563326e-17, -0.27125296370145247, -0.1618033988749895, -0.11755704855153504, -0.27125296370145247, -0.061803398874989514, -0.1902113001735053, -0.27125296370145247, 0.06180339887498945, -0.19021130017350532, -0.27125296370145247, 0.16180339887498948, -0.1175570485515351, -0.27125296370145247, 
0.2, 0.0, -0.2697785064594919, 0.1618033988749895, 0.11755704830818536, -0.2697785064594919, 0.06180339887498949, 0.19021129977975723, -0.2697785064594919, -0.06180339887498947, 0.19021129977975726, -0.2697785064594919, -0.16180339887498948, 0.11755704830818539, -0.2697785064594919, -0.2, 2.449293553493151e-17, -0.2697785064594919, -0.1618033988749895, -0.11755704830818535, -0.2697785064594919, -0.061803398874989514, -0.19021129977975723, -0.2697785064594919, 0.06180339887498945, -0.19021129977975726, -0.2697785064594919, 0.16180339887498948, -0.11755704830818542, -0.2697785064594919, 
0.2, 0.0, -0.2682690561298215, 0.1618033988749895, 0.11755704804272415, -0.2682690561298215, 0.06180339887498949, 0.19021129935023198, -0.2682690561298215, -0.06180339887498947, 0.190211299350232, -0.2682690561298215, -0.16180339887498948, 0.11755704804272418, -0.2682690561298215, -0.2, 2.449293547962284e-17, -0.2682690561298215, -0.1618033988749895, -0.11755704804272414, -0.2682690561298215, -0.061803398874989514, -0.19021129935023198, -0.2682690561298215, 0.06180339887498945, -0.190211299350232, -0.2682690561298215, 0.16180339887498948, -0.11755704804272421, -0.2682690561298215, 
0.2, 0.0, -0.26672479824032397, 0.1618033988749895, 0.11755704775390971, -0.26672479824032397, 0.06180339887498949, 0.1902112988829204, -0.26672479824032397, -0.06180339887498947, 0.19021129888292043, -0.26672479824032397, -0.16180339887498948, 0.11755704775390974, -0.26672479824032397, -0.2, 2.4492935419448535e-17, -0.26672479824032397, -0.1618033988749895, -0.1175570477539097, -0.26672479824032397, -0.061803398874989514, -0.1902112988829204, -0.26672479824032397, 0.06180339887498945, -0.19021129888292043, -0.26672479824032397, 0.16180339887498948, -0.11755704775390977, -0.26672479824032397, 
0.2, 0.0, -0.26514592279940946, 0.1618033988749895, 0.11755704744047353, -0.26514592279940946, 0.06180339887498949, 0.19021129837577, -0.26514592279940946, -0.06180339887498947, 0.19021129837577003, -0.26514592279940946, -0.16180339887498948, 0.11755704744047356, -0.26514592279940946, -0.2, 2.4492935354144306e-17, -0.26514592279940946, -0.1618033988749895, -0.11755704744047352, -0.26514592279940946, -0.061803398874989514, -0.19021129837577, -0.26514592279940946, 0.06180339887498945, -0.19021129837577003, -0.26514592279940946, 0.16180339887498948, -0.11755704744047359, -0.26514592279940946, 
0.2, 0.0, -0.2635326242776957, 0.1618033988749895, 0.11755704710112114, -0.2635326242776957, 0.06180339887498949, 0.19021129782668628, -0.2635326242776957, -0.06180339887498947, 0.1902112978266863, -0.2635326242776957, -0.16180339887498948, 0.11755704710112116, -0.2635326242776957, -0.2, 2.4492935283440453e-17, -0.2635326242776957, -0.1618033988749895, -0.11755704710112112, -0.2635326242776957, -0.061803398874989514, -0.19021129782668628, -0.2635326242776957, 0.06180339887498945, -0.1902112978266863, -0.2635326242776957, 0.16180339887498948, -0.11755704710112119, -0.2635326242776957, 
0.2, 0.0, -0.2618851015891541, 0.1618033988749895, 0.11755704673453285, -0.2618851015891541, 0.06180339887498949, 0.19021129723353397, -0.2618851015891541, -0.06180339887498947, 0.190211297233534, -0.2618851015891541, -0.16180339887498948, 0.11755704673453288, -0.2618851015891541, -0.2, 2.449293520706202e-17, -0.2618851015891541, -0.1618033988749895, -0.11755704673453284, -0.2618851015891541, -0.061803398874989514, -0.19021129723353397, -0.2618851015891541, 0.06180339887498945, -0.190211297233534, -0.2618851015891541, 0.16180339887498948, -0.1175570467345329, -0.2618851015891541, 
0.2, 0.0, -0.2602035580717176, 0.1618033988749895, 0.11755704633936456, -0.2602035580717176, 0.06180339887498949, 0.19021129659413827, -0.2602035580717176, -0.06180339887498947, 0.1902112965941383, -0.2602035580717176, -0.16180339887498948, 0.11755704633936459, -0.2602035580717176, -0.2, 2.449293512472896e-17, -0.2602035580717176, -0.1618033988749895, -0.11755704633936455, -0.2602035580717176, -0.061803398874989514, -0.19021129659413827, -0.2602035580717176, 0.06180339887498945, -0.1902112965941383, -0.2602035580717176, 0.16180339887498948, -0.11755704633936462, -0.2602035580717176, 
0.2, 0.0, -0.2584882014673455, 0.1618033988749895, 0.11755704591424856, -0.2584882014673455, 0.06180339887498949, 0.19021129590628613, -0.2584882014673455, -0.06180339887498947, 0.19021129590628616, -0.2584882014673455, -0.16180339887498948, 0.11755704591424859, -0.2584882014673455, -0.2, 2.4492935036156315e-17, -0.2584882014673455, -0.1618033988749895, -0.11755704591424855, -0.2584882014673455, -0.061803398874989514, -0.19021129590628613, -0.2584882014673455, 0.06180339887498945, -0.19021129590628616, -0.2584882014673455, 0.16180339887498948, -0.11755704591424862, -0.2584882014673455, 
0.2, 0.0, -0.2567392439015432, 0.1618033988749895, 0.11755704545779432, -0.2567392439015432, 0.06180339887498949, 0.19021129516772764, -0.2567392439015432, -0.06180339887498947, 0.19021129516772767, -0.2567392439015432, -0.16180339887498948, 0.11755704545779434, -0.2567392439015432, -0.2, 2.4492934941054366e-17, -0.2567392439015432, -0.1618033988749895, -0.1175570454577943, -0.2567392439015432, -0.061803398874989514, -0.19021129516772764, -0.2567392439015432, 0.06180339887498945, -0.19021129516772767, -0.2567392439015432, 0.16180339887498948, -0.11755704545779437, -0.2567392439015432, 
0.2, 0.0, -0.2549569018623302, 0.1618033988749895, 0.1175570449685894, -0.2549569018623302, 0.06180339887498949, 0.19021129437617748, -0.2549569018623302, -0.06180339887498947, 0.1902112943761775, -0.2549569018623302, -0.16180339887498948, 0.11755704496858943, -0.2549569018623302, -0.2, 2.4492934839128837e-17, -0.2549569018623302, -0.1618033988749895, -0.11755704496858939, -0.2549569018623302, -0.061803398874989514, -0.19021129437617748, -0.2549569018623302, 0.06180339887498945, -0.1902112943761775, -0.2549569018623302, 0.16180339887498948, -0.11755704496858946, -0.2549569018623302, 
0.2, 0.0, -0.2531413961786558, 0.1618033988749895, 0.11755704444520028, -0.2531413961786558, 0.06180339887498949, 0.19021129352931607, -0.2531413961786558, -0.06180339887498947, 0.1902112935293161, -0.2531413961786558, -0.16180339887498948, 0.1175570444452003, -0.2531413961786558, -0.2, 2.4492934730081048e-17, -0.2531413961786558, -0.1618033988749895, -0.11755704444520026, -0.2531413961786558, -0.061803398874989514, -0.19021129352931607, -0.2531413961786558, 0.06180339887498945, -0.1902112935293161, -0.2531413961786558, 0.16180339887498948, -0.11755704444520033, -0.2531413961786558, 
0.2, 0.0, -0.2512929519982552, 0.1618033988749895, 0.11755704388617323, -0.2512929519982552, 0.06180339887498949, 0.1902112926247913, -0.2512929519982552, -0.06180339887498947, 0.19021129262479133, -0.2512929519982552, -0.16180339887498948, 0.11755704388617326, -0.2512929519982552, -0.2, 2.4492934613608123e-17, -0.2512929519982552, -0.1618033988749895, -0.11755704388617322, -0.2512929519982552, -0.061803398874989514, -0.1902112926247913, -0.2512929519982552, 0.06180339887498945, -0.19021129262479133, -0.2512929519982552, 0.16180339887498948, -0.11755704388617329, -0.2512929519982552, 
0.2, 0.0, -0.2494117987649454, 0.1618033988749895, 0.11755704329003526, -0.2494117987649454, 0.06180339887498949, 0.1902112916602198, -0.2494117987649454, -0.06180339887498947, 0.19021129166021983, -0.2494117987649454, -0.16180339887498948, 0.11755704329003529, -0.2494117987649454, -0.2, 2.449293448940316e-17, -0.2494117987649454, -0.1618033988749895, -0.11755704329003525, -0.2494117987649454, -0.061803398874989514, -0.1902112916602198, -0.2494117987649454, 0.06180339887498945, -0.19021129166021983, -0.2494117987649454, 0.16180339887498948, -0.11755704329003532, -0.2494117987649454, 
0.2, 0.0, -0.24749817019535472, 0.1618033988749895, 0.11755704265529496, -0.24749817019535472, 0.06180339887498949, 0.19021129063318842, -0.24749817019535472, -0.06180339887498947, 0.19021129063318845, -0.24749817019535472, -0.16180339887498948, 0.11755704265529499, -0.24749817019535472, -0.2, 2.4492934357155424e-17, -0.24749817019535472, -0.1618033988749895, -0.11755704265529494, -0.24749817019535472, -0.061803398874989514, -0.19021129063318842, -0.24749817019535472, 0.06180339887498945, -0.19021129063318845, -0.24749817019535472, 0.16180339887498948, -0.11755704265529501, -0.24749817019535472, 
0.2, 0.0, -0.24555230425508354, 0.1618033988749895, 0.1175570419804434, -0.24555230425508354, 0.06180339887498949, 0.19021128954125566, -0.24555230425508354, -0.06180339887498947, 0.19021128954125568, -0.24555230425508354, -0.16180339887498948, 0.11755704198044342, -0.24555230425508354, -0.2, 2.4492934216550536e-17, -0.24555230425508354, -0.1618033988749895, -0.11755704198044338, -0.24555230425508354, -0.061803398874989514, -0.19021128954125566, -0.24555230425508354, 0.06180339887498945, -0.19021128954125568, -0.24555230425508354, 0.16180339887498948, -0.11755704198044345, -0.24555230425508354, 
0.2, 0.0, -0.24357444313429238, 0.1618033988749895, 0.11755704126395522, -0.24357444313429238, 0.06180339887498949, 0.19021128838195345, -0.24357444313429238, -0.06180339887498947, 0.19021128838195347, -0.24357444313429238, -0.16180339887498948, 0.11755704126395525, -0.24357444313429238, -0.2, 2.4492934067270686e-17, -0.24357444313429238, -0.1618033988749895, -0.1175570412639552, -0.24357444313429238, -0.061803398874989514, -0.19021128838195345, -0.24357444313429238, 0.06180339887498945, -0.19021128838195347, -0.24357444313429238, 0.16180339887498948, -0.11755704126395528, -0.24357444313429238, 
0.2, 0.0, -0.24156483322271363, 0.1618033988749895, 0.11755704050428949, -0.24156483322271363, 0.06180339887498949, 0.19021128715278846, -0.24156483322271363, -0.06180339887498947, 0.19021128715278848, -0.24156483322271363, -0.16180339887498948, 0.11755704050428951, -0.24156483322271363, -0.2, 2.4492933908994817e-17, -0.24156483322271363, -0.1618033988749895, -0.11755704050428947, -0.24156483322271363, -0.061803398874989514, -0.19021128715278846, -0.24156483322271363, 0.06180339887498945, -0.19021128715278848, -0.24156483322271363, 0.16180339887498948, -0.11755704050428954, -0.24156483322271363, 
0.2, 0.0, -0.23952372508408354, 0.1618033988749895, 0.11755703969989062, -0.23952372508408354, 0.06180339887498949, 0.19021128585124375, -0.23952372508408354, -0.06180339887498947, 0.19021128585124378, -0.23952372508408354, -0.16180339887498948, 0.11755703969989065, -0.23952372508408354, -0.2, 2.4492933741398828e-17, -0.23952372508408354, -0.1618033988749895, -0.1175570396998906, -0.23952372508408354, -0.061803398874989514, -0.19021128585124375, -0.23952372508408354, 0.06180339887498945, -0.19021128585124378, -0.23952372508408354, 0.16180339887498948, -0.11755703969989068, -0.23952372508408354, 
0.2, 0.0, -0.23745137342999112, 0.1618033988749895, 0.11755703884918943, -0.23745137342999112, 0.06180339887498949, 0.19021128447478033, -0.23745137342999112, -0.06180339887498947, 0.19021128447478036, -0.23745137342999112, -0.16180339887498948, 0.11755703884918946, -0.23745137342999112, -0.2, 2.4492933564155782e-17, -0.23745137342999112, -0.1618033988749895, -0.11755703884918942, -0.23745137342999112, -0.061803398874989514, -0.19021128447478033, -0.23745137342999112, 0.06180339887498945, -0.19021128447478036, -0.23745137342999112, 0.16180339887498948, -0.11755703884918949, -0.23745137342999112, 
0.2, 0.0, -0.23534803709314076, 0.1618033988749895, 0.11755703795060417, -0.23534803709314076, 0.06180339887498949, 0.19021128302083884, -0.23534803709314076, -0.06180339887498947, 0.19021128302083887, -0.23534803709314076, -0.16180339887498948, 0.1175570379506042, -0.23534803709314076, -0.2, 2.449293337693612e-17, -0.23534803709314076, -0.1618033988749895, -0.11755703795060415, -0.23534803709314076, -0.061803398874989514, -0.19021128302083884, -0.23534803709314076, 0.06180339887498945, -0.19021128302083887, -0.23534803709314076, 0.16180339887498948, -0.11755703795060422, -0.23534803709314076, 
0.2, 0.0, -0.23321397900002513, 0.1618033988749895, 0.11755703700254143, -0.23321397900002513, 0.06180339887498949, 0.1902112814868411, -0.23321397900002513, -0.06180339887498947, 0.19021128148684113, -0.23321397900002513, -0.16180339887498948, 0.11755703700254146, -0.23321397900002513, -0.2, 2.4492933179407857e-17, -0.23321397900002513, -0.1618033988749895, -0.11755703700254141, -0.23321397900002513, -0.061803398874989514, -0.1902112814868411, -0.23321397900002513, 0.06180339887498945, -0.19021128148684113, -0.23321397900002513, 0.16180339887498948, -0.11755703700254148, -0.23321397900002513, 
0.2, 0.0, -0.23104946614300567, 0.1618033988749895, 0.11755703600339722, -0.23104946614300567, 0.06180339887498949, 0.1902112798701918, -0.23104946614300567, -0.06180339887498947, 0.19021127987019182, -0.23104946614300567, -0.16180339887498948, 0.11755703600339724, -0.23104946614300567, -0.2, 2.44929329712368e-17, -0.23104946614300567, -0.1618033988749895, -0.1175570360033972, -0.23104946614300567, -0.061803398874989514, -0.1902112798701918, -0.23104946614300567, 0.06180339887498945, -0.19021127987019182, -0.23104946614300567, 0.16180339887498948, -0.11755703600339727, -0.23104946614300567, 
0.2, 0.0, -0.22885476955179743, 0.1618033988749895, 0.117557034951558, -0.22885476955179743, 0.06180339887498949, 0.1902112781682802, -0.22885476955179743, -0.06180339887498947, 0.19021127816828023, -0.22885476955179743, -0.16180339887498948, 0.11755703495155803, -0.22885476955179743, -0.2, 2.4492932752086777e-17, -0.22885476955179743, -0.1618033988749895, -0.11755703495155799, -0.22885476955179743, -0.061803398874989514, -0.1902112781682802, -0.22885476955179743, 0.06180339887498945, -0.19021127816828023, -0.22885476955179743, 0.16180339887498948, -0.11755703495155806, -0.22885476955179743, 
0.2, 0.0, -0.22663016426435562, 0.1618033988749895, 0.11755703384540175, -0.22663016426435562, 0.06180339887498949, 0.1902112763784818, -0.22663016426435562, -0.06180339887498947, 0.19021127637848181, -0.22663016426435562, -0.16180339887498948, 0.11755703384540178, -0.22663016426435562, -0.2, 2.449293252161983e-17, -0.22663016426435562, -0.1618033988749895, -0.11755703384540174, -0.22663016426435562, -0.061803398874989514, -0.1902112763784818, -0.22663016426435562, 0.06180339887498945, -0.19021127637848181, -0.22663016426435562, 0.16180339887498948, -0.11755703384540181, -0.22663016426435562, 
0.2, 0.0, -0.22437592929716113, 0.1618033988749895, 0.1175570326832989, -0.22437592929716113, 0.06180339887498949, 0.19021127449815986, -0.22437592929716113, -0.06180339887498947, 0.1902112744981599, -0.22437592929716113, -0.16180339887498948, 0.11755703268329892, -0.22437592929716113, -0.2, 2.4492932279496448e-17, -0.22437592929716113, -0.1618033988749895, -0.11755703268329888, -0.22437592929716113, -0.061803398874989514, -0.19021127449815986, -0.22437592929716113, 0.06180339887498945, -0.1902112744981599, -0.22437592929716113, 0.16180339887498948, -0.11755703268329895, -0.22437592929716113, 
0.2, 0.0, -0.22209234761490254, 0.1618033988749895, 0.11755703146361357, -0.22209234761490254, 0.06180339887498949, 0.19021127252466755, -0.22209234761490254, -0.06180339887498947, 0.19021127252466757, -0.22209234761490254, -0.16180339887498948, 0.1175570314636136, -0.22209234761490254, -0.2, 2.449293202537579e-17, -0.22209234761490254, -0.1618033988749895, -0.11755703146361356, -0.22209234761490254, -0.061803398874989514, -0.19021127252466755, -0.22209234761490254, 0.06180339887498945, -0.19021127252466757, -0.22209234761490254, 0.16180339887498948, -0.11755703146361363, -0.22209234761490254, 
0.2, 0.0, -0.21977970609955227, 0.1618033988749895, 0.11755703018470451, -0.21977970609955227, 0.06180339887498949, 0.19021127045534922, -0.21977970609955227, -0.06180339887498947, 0.19021127045534925, -0.21977970609955227, -0.16180339887498948, 0.11755703018470454, -0.21977970609955227, -0.2, 2.449293175891591e-17, -0.21977970609955227, -0.1618033988749895, -0.1175570301847045, -0.21977970609955227, -0.061803398874989514, -0.19021127045534922, -0.21977970609955227, 0.06180339887498945, -0.19021127045534925, -0.21977970609955227, 0.16180339887498948, -0.11755703018470456, -0.21977970609955227, 
0.2, 0.0, -0.2174382955188345, 0.1618033988749895, 0.11755702884492622, -0.2174382955188345, 0.06180339887498949, 0.19021126828754242, -0.2174382955188345, -0.06180339887498947, 0.19021126828754245, -0.2174382955188345, -0.16180339887498948, 0.11755702884492625, -0.2174382955188345, -0.2, 2.4492931479773966e-17, -0.2174382955188345, -0.1618033988749895, -0.1175570288449262, -0.2174382955188345, -0.061803398874989514, -0.19021126828754242, -0.2174382955188345, 0.06180339887498945, -0.19021126828754245, -0.2174382955188345, 0.16180339887498948, -0.11755702884492628, -0.2174382955188345, 
0.2, 0.0, -0.21506841049408318, 0.1618033988749895, 0.1175570274426301, -0.21506841049408318, 0.06180339887498949, 0.1902112660185796, -0.21506841049408318, -0.06180339887498947, 0.19021126601857963, -0.21506841049408318, -0.16180339887498948, 0.11755702744263012, -0.21506841049408318, -0.2, 2.4492931187606468e-17, -0.21506841049408318, -0.1618033988749895, -0.11755702744263008, -0.21506841049408318, -0.061803398874989514, -0.1902112660185796, -0.21506841049408318, 0.06180339887498945, -0.19021126601857963, -0.21506841049408318, 0.16180339887498948, -0.11755702744263015, -0.21506841049408318, 
0.2, 0.0, -0.2126703494674877, 0.1618033988749895, 0.11755702597616538, -0.2126703494674877, 0.06180339887498949, 0.19021126364578989, -0.2126703494674877, -0.06180339887498947, 0.1902112636457899, -0.2126703494674877, -0.16180339887498948, 0.11755702597616541, -0.2126703494674877, -0.2, 2.4492930882069487e-17, -0.2126703494674877, -0.1618033988749895, -0.11755702597616537, -0.2126703494674877, -0.061803398874989514, -0.19021126364578989, -0.2126703494674877, 0.06180339887498945, -0.1902112636457899, -0.2126703494674877, 0.16180339887498948, -0.11755702597616544, -0.2126703494674877, 
0.2, 0.0, -0.21024441466872518, 0.1618033988749895, 0.11755702444388043, -0.21024441466872518, 0.06180339887498949, 0.19021126116650075, -0.21024441466872518, -0.06180339887498947, 0.19021126116650078, -0.21024441466872518, -0.16180339887498948, 0.11755702444388046, -0.21024441466872518, -0.2, 2.44929305628189e-17, -0.21024441466872518, -0.1618033988749895, -0.11755702444388041, -0.21024441466872518, -0.061803398874989514, -0.19021126116650075, -0.21024441466872518, 0.06180339887498945, -0.19021126116650078, -0.21024441466872518, 0.16180339887498948, -0.11755702444388048, -0.21024441466872518, 
0.2, 0.0, -0.2077909120809774, 0.1618033988749895, 0.11755702284412375, -0.2077909120809774, 0.06180339887498949, 0.19021125857804005, -0.2077909120809774, -0.06180339887498947, 0.19021125857804008, -0.2077909120809774, -0.16180339887498948, 0.11755702284412378, -0.2077909120809774, -0.2, 2.4492930229510623e-17, -0.2077909120809774, -0.1618033988749895, -0.11755702284412374, -0.2077909120809774, -0.061803398874989514, -0.19021125857804005, -0.2077909120809774, 0.06180339887498945, -0.19021125857804008, -0.2077909120809774, 0.16180339887498948, -0.11755702284412381, -0.2077909120809774, 
0.2, 0.0, -0.2053101514063314, 0.1618033988749895, 0.11755702117524505, -0.2053101514063314, 0.06180339887498949, 0.1902112558777376, -0.2053101514063314, -0.06180339887498947, 0.19021125587773763, -0.2053101514063314, -0.16180339887498948, 0.11755702117524508, -0.2053101514063314, -0.2, 2.449292988180082e-17, -0.2053101514063314, -0.1618033988749895, -0.11755702117524504, -0.2053101514063314, -0.061803398874989514, -0.1902112558777376, -0.2053101514063314, 0.06180339887498945, -0.19021125587773763, -0.2053101514063314, 0.16180339887498948, -0.11755702117524511, -0.2053101514063314, 
0.2, 0.0, -0.20280244603056236, 0.1618033988749895, 0.1175570194355965, -0.20280244603056236, 0.06180339887498949, 0.19021125306292713, -0.20280244603056236, -0.06180339887498947, 0.19021125306292716, -0.20280244603056236, -0.16180339887498948, 0.11755701943559653, -0.20280244603056236, -0.2, 2.449292951934616e-17, -0.20280244603056236, -0.1618033988749895, -0.11755701943559649, -0.20280244603056236, -0.061803398874989514, -0.19021125306292713, -0.20280244603056236, 0.06180339887498945, -0.19021125306292716, -0.20280244603056236, 0.16180339887498948, -0.11755701943559656, -0.20280244603056236, 
0.2, 0.0, -0.20026811298729819, 0.1618033988749895, 0.11755701762353375, -0.20026811298729819, 0.06180339887498949, 0.190211250130948, -0.20026811298729819, -0.06180339887498947, 0.19021125013094803, -0.20026811298729819, -0.16180339887498948, 0.11755701762353378, -0.20026811298729819, -0.2, 2.449292914180405e-17, -0.20026811298729819, -0.1618033988749895, -0.11755701762353374, -0.20026811298729819, -0.061803398874989514, -0.190211250130948, -0.20026811298729819, 0.06180339887498945, -0.19021125013094803, -0.20026811298729819, 0.16180339887498948, -0.11755701762353381, -0.20026811298729819, 
0.2, 0.0, -0.19770747292156501, 0.1618033988749895, 0.11755701573741709, -0.19770747292156501, 0.06180339887498949, 0.1902112470791471, -0.19770747292156501, -0.06180339887498947, 0.19021124707914713, -0.19770747292156501, -0.16180339887498948, 0.11755701573741711, -0.19770747292156501, -0.2, 2.4492928748832854e-17, -0.19770747292156501, -0.1618033988749895, -0.11755701573741707, -0.19770747292156501, -0.061803398874989514, -0.1902112470791471, -0.19770747292156501, 0.06180339887498945, -0.19021124707914713, -0.19770747292156501, 0.16180339887498948, -0.11755701573741714, -0.19770747292156501, 
0.2, 0.0, -0.19512085005271326, 0.1618033988749895, 0.11755701377561256, -0.19512085005271326, 0.06180339887498949, 0.19021124390488073, -0.19512085005271326, -0.06180339887498947, 0.19021124390488076, -0.19512085005271326, -0.16180339887498948, 0.11755701377561259, -0.19512085005271326, -0.2, 2.449292834009214e-17, -0.19512085005271326, -0.1618033988749895, -0.11755701377561255, -0.19512085005271326, -0.061803398874989514, -0.19021124390488073, -0.19512085005271326, 0.06180339887498945, -0.19021124390488076, -0.19512085005271326, 0.16180339887498948, -0.11755701377561262, -0.19512085005271326, 
0.2, 0.0, -0.19250857213672395, 0.1618033988749895, 0.11755701173649316, -0.19250857213672395, 0.06180339887498949, 0.19021124060551622, -0.19250857213672395, -0.06180339887498947, 0.19021124060551625, -0.19250857213672395, -0.16180339887498948, 0.11755701173649319, -0.19250857213672395, -0.2, 2.4492927915242922e-17, -0.19250857213672395, -0.1618033988749895, -0.11755701173649315, -0.19250857213672395, -0.061803398874989514, -0.19021124060551622, -0.19250857213672395, 0.06180339887498945, -0.19021124060551625, -0.19250857213672395, 0.16180339887498948, -0.11755701173649322, -0.19250857213672395, 
0.2, 0.0, -0.1898709704278955, 0.1618033988749895, 0.1175570096184399, -0.1898709704278955, 0.06180339887498949, 0.19021123717843405, -0.1898709704278955, -0.06180339887498947, 0.19021123717843408, -0.1898709704278955, -0.16180339887498948, 0.11755700961843993, -0.1898709704278955, -0.2, 2.4492927473947885e-17, -0.1898709704278955, -0.1618033988749895, -0.11755700961843989, -0.1898709704278955, -0.061803398874989514, -0.19021123717843405, -0.1898709704278955, 0.06180339887498945, -0.19021123717843408, -0.1898709704278955, 0.16180339887498948, -0.11755700961843996, -0.1898709704278955, 
0.2, 0.0, -0.1872083796399112, 0.1618033988749895, 0.11755700741984297, -0.1872083796399112, 0.06180339887498949, 0.1902112336210295, -0.1872083796399112, -0.06180339887498947, 0.19021123362102954, -0.1872083796399112, -0.16180339887498948, 0.117557007419843, -0.1872083796399112, -0.2, 2.4492927015871626e-17, -0.1872083796399112, -0.1618033988749895, -0.11755700741984296, -0.1872083796399112, -0.061803398874989514, -0.1902112336210295, -0.1872083796399112, 0.06180339887498945, -0.19021123362102954, -0.1872083796399112, 0.16180339887498948, -0.11755700741984303, -0.1872083796399112, 
0.2, 0.0, -0.18452113790628785, 0.1618033988749895, 0.1175570051391029, -0.18452113790628785, 0.06180339887498949, 0.19021122993071454, -0.18452113790628785, -0.06180339887498947, 0.19021122993071457, -0.18452113790628785, -0.16180339887498948, 0.11755700513910293, -0.18452113790628785, -0.2, 2.4492926540680898e-17, -0.18452113790628785, -0.1618033988749895, -0.11755700513910289, -0.18452113790628785, -0.061803398874989514, -0.19021122993071454, -0.18452113790628785, 0.06180339887498945, -0.19021122993071457, -0.18452113790628785, 0.16180339887498948, -0.11755700513910296, -0.18452113790628785, 
0.2, 0.0, -0.18180958674020684, 0.1618033988749895, 0.1175570027746317, -0.18180958674020684, 0.06180339887498949, 0.19021122610491978, -0.18180958674020684, -0.06180339887498947, 0.1902112261049198, -0.18180958674020684, -0.16180339887498948, 0.11755700277463173, -0.18180958674020684, -0.2, 2.449292604804484e-17, -0.18180958674020684, -0.1618033988749895, -0.11755700277463169, -0.18180958674020684, -0.061803398874989514, -0.19021122610491978, -0.18180958674020684, 0.06180339887498945, -0.1902112261049198, -0.18180958674020684, 0.16180339887498948, -0.11755700277463176, -0.18180958674020684, 
0.2, 0.0, -0.17907407099372794, 0.1618033988749895, 0.11755700032485393, -0.17907407099372794, 0.06180339887498949, 0.1902112221410961, -0.17907407099372794, -0.06180339887498947, 0.19021122214109612, -0.17907407099372794, -0.16180339887498948, 0.11755700032485396, -0.17907407099372794, -0.2, 2.4492925537635216e-17, -0.17907407099372794, -0.1618033988749895, -0.11755700032485392, -0.17907407099372794, -0.061803398874989514, -0.1902112221410961, -0.17907407099372794, 0.06180339887498945, -0.19021122214109612, -0.17907407099372794, 0.16180339887498948, -0.11755700032485399, -0.17907407099372794, 
0.2, 0.0, -0.17631493881638804, 0.1618033988749895, 0.11755699778820793, -0.17631493881638804, 0.06180339887498949, 0.19021121803671662, -0.17631493881638804, -0.06180339887498947, 0.19021121803671664, -0.17631493881638804, -0.16180339887498948, 0.11755699778820795, -0.17631493881638804, -0.2, 2.4492925009126648e-17, -0.17631493881638804, -0.1618033988749895, -0.11755699778820791, -0.17631493881638804, -0.061803398874989514, -0.19021121803671662, -0.17631493881638804, 0.06180339887498945, -0.19021121803671664, -0.17631493881638804, 0.16180339887498948, -0.11755699778820798, -0.17631493881638804, 
0.2, 0.0, -0.17353254161318601, 0.1618033988749895, 0.1175569951631469, -0.17353254161318601, 0.06180339887498949, 0.19021121378927866, -0.17353254161318601, -0.06180339887498947, 0.1902112137892787, -0.17353254161318601, -0.16180339887498948, 0.11755699516314692, -0.17353254161318601, -0.2, 2.4492924462196868e-17, -0.17353254161318601, -0.1618033988749895, -0.11755699516314688, -0.17353254161318601, -0.061803398874989514, -0.19021121378927866, -0.17353254161318601, 0.06180339887498945, -0.1902112137892787, -0.17353254161318601, 0.16180339887498948, -0.11755699516314695, -0.17353254161318601, 
0.2, 0.0, -0.1707272340019555, 0.1618033988749895, 0.11755699244814007, -0.1707272340019555, 0.06180339887498949, 0.19021120939630534, -0.1707272340019555, -0.06180339887498947, 0.19021120939630537, -0.1707272340019555, -0.16180339887498948, 0.1175569924481401, -0.1707272340019555, -0.2, 2.449292389652694e-17, -0.1707272340019555, -0.1618033988749895, -0.11755699244814005, -0.1707272340019555, -0.061803398874989514, -0.19021120939630534, -0.1707272340019555, 0.06180339887498945, -0.19021120939630537, -0.1707272340019555, 0.16180339887498948, -0.11755699244814012, -0.1707272340019555, 
0.2, 0.0, -0.16789937377012842, 0.1618033988749895, 0.1175569896416738, -0.16789937377012842, 0.06180339887498949, 0.1902112048553475, -0.16789937377012842, -0.06180339887498947, 0.19021120485534754, -0.16789937377012842, -0.16180339887498948, 0.11755698964167383, -0.16789937377012842, -0.2, 2.4492923311801494e-17, -0.16789937377012842, -0.1618033988749895, -0.11755698964167378, -0.16789937377012842, -0.061803398874989514, -0.1902112048553475, -0.16789937377012842, 0.06180339887498945, -0.19021120485534754, -0.16789937377012842, 0.16180339887498948, -0.11755698964167385, -0.16789937377012842, 
0.2, 0.0, -0.16504932183089105, 0.1618033988749895, 0.1175569867422527, -0.16504932183089105, 0.06180339887498949, 0.19021120016398566, -0.16504932183089105, -0.06180339887498947, 0.19021120016398568, -0.16504932183089105, -0.16180339887498948, 0.11755698674225273, -0.16504932183089105, -0.2, 2.4492922707708974e-17, -0.16504932183089105, -0.1618033988749895, -0.11755698674225269, -0.16504932183089105, -0.061803398874989514, -0.19021120016398566, -0.16504932183089105, 0.06180339887498945, -0.19021120016398568, -0.16504932183089105, 0.16180339887498948, -0.11755698674225276, -0.16504932183089105, 
0.2, 0.0, -0.16217744217873592, 0.1618033988749895, 0.11755698374840083, -0.16217744217873592, 0.06180339887498949, 0.19021119531983155, -0.16217744217873592, -0.06180339887498947, 0.19021119531983158, -0.16217744217873592, -0.16180339887498948, 0.11755698374840086, -0.16217744217873592, -0.2, 2.4492922083941855e-17, -0.16217744217873592, -0.1618033988749895, -0.11755698374840082, -0.16217744217873592, -0.061803398874989514, -0.19021119531983155, -0.16217744217873592, 0.06180339887498945, -0.19021119531983158, -0.16217744217873592, 0.16180339887498948, -0.11755698374840089, -0.16217744217873592, 
0.2, 0.0, -0.1592841018444126, 0.1618033988749895, 0.1175569806586627, -0.1592841018444126, 0.06180339887498949, 0.19021119032053024, -0.1592841018444126, -0.06180339887498947, 0.19021119032053027, -0.1592841018444126, -0.16180339887498948, 0.11755698065866273, -0.1592841018444126, -0.2, 2.44929214401969e-17, -0.1592841018444126, -0.1618033988749895, -0.11755698065866269, -0.1592841018444126, -0.061803398874989514, -0.19021119032053024, -0.1592841018444126, 0.06180339887498945, -0.19021119032053027, -0.1592841018444126, 0.16180339887498948, -0.11755698065866275, -0.1592841018444126, 
0.2, 0.0, -0.15636967084928063, 0.1618033988749895, 0.11755697747160444, -0.15636967084928063, 0.06180339887498949, 0.19021118516376168, -0.15636967084928063, -0.06180339887498947, 0.1902111851637617, -0.15636967084928063, -0.16180339887498948, 0.11755697747160447, -0.15636967084928063, -0.2, 2.449292077617536e-17, -0.15636967084928063, -0.1618033988749895, -0.11755697747160443, -0.15636967084928063, -0.061803398874989514, -0.19021118516376168, -0.15636967084928063, 0.06180339887498945, -0.1902111851637617, -0.15636967084928063, 0.16180339887498948, -0.1175569774716045, -0.15636967084928063, 
0.2, 0.0, -0.1534345221590684, 0.1618033988749895, 0.11755697418581498, -0.1534345221590684, 0.06180339887498949, 0.19021117984724265, -0.1534345221590684, -0.06180339887498947, 0.19021117984724267, -0.1534345221590684, -0.16180339887498948, 0.11755697418581501, -0.1534345221590684, -0.2, 2.4492920091583235e-17, -0.1534345221590684, -0.1618033988749895, -0.11755697418581497, -0.1534345221590684, -0.061803398874989514, -0.19021117984724265, -0.1534345221590684, 0.06180339887498945, -0.19021117984724267, -0.1534345221590684, 0.16180339887498948, -0.11755697418581504, -0.1534345221590684, 
0.2, 0.0, -0.15047903163704213, 0.1618033988749895, 0.11755697079990703, -0.15047903163704213, 0.06180339887498949, 0.19021117436872848, -0.15047903163704213, -0.06180339887498947, 0.1902111743687285, -0.15047903163704213, -0.16180339887498948, 0.11755697079990705, -0.15047903163704213, -0.2, 2.4492919386131486e-17, -0.15047903163704213, -0.1618033988749895, -0.11755697079990701, -0.15047903163704213, -0.061803398874989514, -0.19021117436872848, -0.15047903163704213, 0.06180339887498945, -0.1902111743687285, -0.15047903163704213, 0.16180339887498948, -0.11755697079990708, -0.15047903163704213, 
0.2, 0.0, -0.1475035779965893, 0.1618033988749895, 0.11755696731251819, -0.1475035779965893, 0.06180339887498949, 0.19021116872601482, -0.1475035779965893, -0.06180339887498947, 0.19021116872601485, -0.1475035779965893, -0.16180339887498948, 0.11755696731251822, -0.1475035779965893, -0.2, 2.449291865953626e-17, -0.1475035779965893, -0.1618033988749895, -0.11755696731251818, -0.1475035779965893, -0.061803398874989514, -0.19021116872601482, -0.1475035779965893, 0.06180339887498945, -0.19021116872601485, -0.1475035779965893, 0.16180339887498948, -0.11755696731251825, -0.1475035779965893, 
0.2, 0.0, -0.14450854275322114, 0.1618033988749895, 0.11755696372231211, -0.14450854275322114, 0.06180339887498949, 0.19021116291693935, -0.14450854275322114, -0.06180339887498947, 0.19021116291693937, -0.14450854275322114, -0.16180339887498948, 0.11755696372231214, -0.14450854275322114, -0.2, 2.449291791151913e-17, -0.14450854275322114, -0.1618033988749895, -0.1175569637223121, -0.14450854275322114, -0.061803398874989514, -0.19021116291693935, -0.14450854275322114, 0.06180339887498945, -0.19021116291693937, -0.14450854275322114, 0.16180339887498948, -0.11755696372231217, -0.14450854275322114, 
0.2, 0.0, -0.1414943101759991, 0.1618033988749895, 0.11755696002797952, -0.1414943101759991, 0.06180339887498949, 0.19021115693938365, -0.1414943101759991, -0.06180339887498947, 0.19021115693938367, -0.1414943101759991, -0.16180339887498948, 0.11755696002797955, -0.1414943101759991, -0.2, 2.4492917141807306e-17, -0.1414943101759991, -0.1618033988749895, -0.11755696002797951, -0.1414943101759991, -0.061803398874989514, -0.19021115693938365, -0.1414943101759991, 0.06180339887498945, -0.19021115693938367, -0.1414943101759991, 0.16180339887498948, -0.11755696002797958, -0.1414943101759991, 
0.2, 0.0, -0.13846126723839097, 0.1618033988749895, 0.11755695622823928, -0.13846126723839097, 0.06180339887498949, 0.1902111507912748, -0.13846126723839097, -0.06180339887498947, 0.19021115079127482, -0.13846126723839097, -0.16180339887498948, 0.1175569562282393, -0.13846126723839097, -0.2, 2.4492916350133868e-17, -0.13846126723839097, -0.1618033988749895, -0.11755695622823926, -0.13846126723839097, -0.061803398874989514, -0.1902111507912748, -0.13846126723839097, 0.06180339887498945, -0.19021115079127482, -0.13846126723839097, 0.16180339887498948, -0.11755695622823933, -0.13846126723839097, 
0.2, 0.0, -0.13540980356856214, 0.1618033988749895, 0.11755695232183942, -0.13540980356856214, 0.06180339887498949, 0.19021114447058704, -0.13540980356856214, -0.06180339887498947, 0.19021114447058707, -0.13540980356856214, -0.16180339887498948, 0.11755695232183945, -0.13540980356856214, -0.2, 2.4492915536237963e-17, -0.13540980356856214, -0.1618033988749895, -0.11755695232183941, -0.13540980356856214, -0.061803398874989514, -0.19021114447058704, -0.13540980356856214, 0.06180339887498945, -0.19021114447058707, -0.13540980356856214, 0.16180339887498948, -0.11755695232183948, -0.13540980356856214, 
0.2, 0.0, -0.13234031139910776, 0.1618033988749895, 0.11755694830755828, -0.13234031139910776, 0.06180339887498949, 0.19021113797534372, -0.13234031139910776, -0.06180339887498947, 0.19021113797534375, -0.13234031139910776, -0.16180339887498948, 0.1175569483075583, -0.13234031139910776, -0.2, 2.4492914699865065e-17, -0.13234031139910776, -0.1618033988749895, -0.11755694830755826, -0.13234031139910776, -0.061803398874989514, -0.19021113797534372, -0.13234031139910776, 0.06180339887498945, -0.19021113797534375, -0.13234031139910776, 0.16180339887498948, -0.11755694830755833, -0.13234031139910776, 
0.2, 0.0, -0.1292531855162326, 0.1618033988749895, 0.11755694418420538, -0.1292531855162326, 0.06180339887498949, 0.19021113130361858, -0.1292531855162326, -0.06180339887498947, 0.1902111313036186, -0.1292531855162326, -0.16180339887498948, 0.11755694418420541, -0.1292531855162326, -0.2, 2.4492913840767138e-17, -0.1292531855162326, -0.1618033988749895, -0.11755694418420537, -0.1292531855162326, -0.061803398874989514, -0.19021113130361858, -0.1292531855162326, 0.06180339887498945, -0.1902111313036186, -0.1292531855162326, 0.16180339887498948, -0.11755694418420544, -0.1292531855162326, 
0.2, 0.0, -0.12614882320838486, 0.1618033988749895, 0.11755693995062265, -0.12614882320838486, 0.06180339887498949, 0.19021112445353783, -0.12614882320838486, -0.06180339887498947, 0.19021112445353786, -0.12614882320838486, -0.16180339887498948, 0.11755693995062268, -0.12614882320838486, -0.2, 2.4492912958702893e-17, -0.12614882320838486, -0.1618033988749895, -0.11755693995062264, -0.12614882320838486, -0.061803398874989514, -0.19021112445353783, -0.12614882320838486, 0.06180339887498945, -0.19021112445353786, -0.12614882320838486, 0.16180339887498948, -0.1175569399506227, -0.12614882320838486, 
0.2, 0.0, -0.1230276242143511, 0.1618033988749895, 0.11755693560568524, -0.1230276242143511, 0.06180339887498949, 0.19021111742328142, -0.1230276242143511, -0.06180339887498947, 0.19021111742328145, -0.1230276242143511, -0.16180339887498948, 0.11755693560568527, -0.1230276242143511, -0.2, 2.4492912053437974e-17, -0.1230276242143511, -0.1618033988749895, -0.11755693560568523, -0.1230276242143511, -0.061803398874989514, -0.19021111742328142, -0.1230276242143511, 0.06180339887498945, -0.19021111742328145, -0.1230276242143511, 0.16180339887498948, -0.1175569356056853, -0.1230276242143511, 
0.2, 0.0, -0.1198899906708197, 0.1618033988749895, 0.1175569311483026, -0.1198899906708197, 0.06180339887498949, 0.1902111102110848, -0.1198899906708197, -0.06180339887498947, 0.19021111021108483, -0.1198899906708197, -0.16180339887498948, 0.11755693114830262, -0.1198899906708197, -0.2, 2.449291112474516e-17, -0.1198899906708197, -0.1618033988749895, -0.11755693114830258, -0.1198899906708197, -0.061803398874989514, -0.1902111102110848, -0.1198899906708197, 0.06180339887498945, -0.19021111021108483, -0.1198899906708197, 0.16180339887498948, -0.11755693114830265, -0.1198899906708197, 
0.2, 0.0, -0.11673632705942025, 0.1618033988749895, 0.1175569265774195, -0.11673632705942025, 0.06180339887498949, 0.19021110281524056, -0.11673632705942025, -0.06180339887498947, 0.1902111028152406, -0.11673632705942025, -0.16180339887498948, 0.11755692657741952, -0.11673632705942025, -0.2, 2.44929101724046e-17, -0.11673632705942025, -0.1618033988749895, -0.11755692657741948, -0.11673632705942025, -0.061803398874989514, -0.19021110281524056, -0.11673632705942025, 0.06180339887498945, -0.1902111028152406, -0.11673632705942025, 0.16180339887498948, -0.11755692657741955, -0.11673632705942025, 
0.2, 0.0, -0.11356704015324705, 0.1618033988749895, 0.11755692189201691, -0.11356704015324705, 0.06180339887498949, 0.19021109523409996, -0.11356704015324705, -0.06180339887498947, 0.19021109523409999, -0.11356704015324705, -0.16180339887498948, 0.11755692189201694, -0.11356704015324705, -0.2, 2.4492909196203984e-17, -0.11356704015324705, -0.1618033988749895, -0.1175569218920169, -0.11356704015324705, -0.061803398874989514, -0.19021109523409996, -0.11356704015324705, 0.06180339887498945, -0.19021109523409999, -0.11356704015324705, 0.16180339887498948, -0.11755692189201697, -0.11356704015324705, 
0.2, 0.0, -0.11038253896287493, 0.1618033988749895, 0.11755691709111307, -0.11038253896287493, 0.06180339887498949, 0.19021108746607437, -0.11038253896287493, -0.06180339887498947, 0.1902110874660744, -0.11038253896287493, -0.16180339887498948, 0.1175569170911131, -0.11038253896287493, -0.2, 2.449290819593875e-17, -0.11038253896287493, -0.1618033988749895, -0.11755691709111306, -0.11038253896287493, -0.061803398874989514, -0.19021108746607437, -0.11038253896287493, 0.06180339887498945, -0.1902110874660744, -0.11038253896287493, 0.16180339887498948, -0.11755691709111313, -0.11038253896287493, 
0.2, 0.0, -0.10718323468187609, 0.1618033988749895, 0.11755691217376428, -0.10718323468187609, 0.06180339887498949, 0.1902110795096369, -0.10718323468187609, -0.06180339887498947, 0.19021107950963692, -0.10718323468187609, -0.16180339887498948, 0.11755691217376431, -0.10718323468187609, -0.2, 2.4492907171412287e-17, -0.10718323468187609, -0.1618033988749895, -0.11755691217376427, -0.10718323468187609, -0.061803398874989514, -0.1902110795096369, -0.10718323468187609, 0.06180339887498945, -0.19021107950963692, -0.10718323468187609, 0.16180339887498948, -0.11755691217376434, -0.10718323468187609, 
0.2, 0.0, -0.10396954063184675, 0.1618033988749895, 0.11755690713906587, -0.10396954063184675, 0.06180339887498949, 0.19021107136332374, -0.10396954063184675, -0.06180339887498947, 0.19021107136332377, -0.10396954063184675, -0.16180339887498948, 0.1175569071390659, -0.10396954063184675, -0.2, 2.4492906122436106e-17, -0.10396954063184675, -0.1618033988749895, -0.11755690713906586, -0.10396954063184675, -0.061803398874989514, -0.19021107136332374, -0.10396954063184675, 0.06180339887498945, -0.19021107136332377, -0.10396954063184675, 0.16180339887498948, -0.11755690713906593, -0.10396954063184675, 
0.2, 0.0, -0.10074187220695323, 0.1618033988749895, 0.1175569019861532, -0.10074187220695323, 0.06180339887498949, 0.19021106302573593, -0.10074187220695323, -0.06180339887498947, 0.19021106302573595, -0.10074187220695323, -0.16180339887498948, 0.11755690198615323, -0.10074187220695323, -0.2, 2.449290504883006e-17, -0.10074187220695323, -0.1618033988749895, -0.11755690198615319, -0.10074187220695323, -0.061803398874989514, -0.19021106302573593, -0.10074187220695323, 0.06180339887498945, -0.19021106302573595, -0.10074187220695323, 0.16180339887498948, -0.11755690198615326, -0.10074187220695323, 
0.2, 0.0, -0.09750064681800659, 0.1618033988749895, 0.11755689671420244, -0.09750064681800659, 0.06180339887498949, 0.19021105449554038, -0.09750064681800659, -0.06180339887498947, 0.1902110544955404, -0.09750064681800659, -0.16180339887498948, 0.11755689671420247, -0.09750064681800659, -0.2, 2.4492903950422503e-17, -0.09750064681800659, -0.1618033988749895, -0.11755689671420243, -0.09750064681800659, -0.061803398874989514, -0.19021105449554038, -0.09750064681800659, 0.06180339887498945, -0.1902110544955404, -0.09750064681800659, 0.16180339887498948, -0.1175568967142025, -0.09750064681800659, 
0.2, 0.0, -0.09424628383607617, 0.1618033988749895, 0.11755689132243141, -0.09424628383607617, 0.06180339887498949, 0.1902110457714716, -0.09424628383607617, -0.06180339887498947, 0.19021104577147163, -0.09424628383607617, -0.16180339887498948, 0.11755689132243144, -0.09424628383607617, -0.2, 2.449290282705047e-17, -0.09424628383607617, -0.1618033988749895, -0.1175568913224314, -0.09424628383607617, -0.061803398874989514, -0.1902110457714716, -0.09424628383607617, 0.06180339887498945, -0.19021104577147163, -0.09424628383607617, 0.16180339887498948, -0.11755689132243147, -0.09424628383607617, 
0.2, 0.0, -0.09097920453565192, 0.1618033988749895, 0.11755688581010053, -0.09097920453565192, 0.06180339887498949, 0.19021103685233287, -0.09097920453565192, -0.06180339887498947, 0.1902110368523329, -0.09097920453565192, -0.16180339887498948, 0.11755688581010056, -0.09097920453565192, -0.2, 2.4492901678559872e-17, -0.09097920453565192, -0.1618033988749895, -0.11755688581010051, -0.09097920453565192, -0.061803398874989514, -0.19021103685233287, -0.09097920453565192, 0.06180339887498945, -0.1902110368523329, -0.09097920453565192, 0.16180339887498948, -0.11755688581010058, -0.09097920453565192, 
0.2, 0.0, -0.08769983203736628, 0.1618033988749895, 0.11755688017651361, -0.08769983203736628, 0.06180339887498949, 0.19021102773699775, -0.08769983203736628, -0.06180339887498947, 0.19021102773699777, -0.08769983203736628, -0.16180339887498948, 0.11755688017651364, -0.08769983203736628, -0.2, 2.4492900504805652e-17, -0.08769983203736628, -0.1618033988749895, -0.1175568801765136, -0.08769983203736628, -0.061803398874989514, -0.19021102773699775, -0.08769983203736628, 0.06180339887498945, -0.19021102773699777, -0.08769983203736628, 0.16180339887498948, -0.11755688017651367, -0.08769983203736628, 
0.2, 0.0, -0.08440859125028632, 0.1618033988749895, 0.11755687442101859, -0.08440859125028632, 0.06180339887498949, 0.19021101842441118, -0.08440859125028632, -0.06180339887498947, 0.1902110184244112, -0.08440859125028632, -0.16180339887498948, 0.11755687442101861, -0.08440859125028632, -0.2, 2.449289930565196e-17, -0.08440859125028632, -0.1618033988749895, -0.11755687442101857, -0.08440859125028632, -0.061803398874989514, -0.19021101842441118, -0.08440859125028632, 0.06180339887498945, -0.1902110184244112, -0.08440859125028632, 0.16180339887498948, -0.11755687442101864, -0.08440859125028632, 
0.2, 0.0, -0.08110590881378725, 0.1618033988749895, 0.11755686854300842, -0.08110590881378725, 0.06180339887498949, 0.19021100891359094, -0.08110590881378725, -0.06180339887498947, 0.19021100891359097, -0.08110590881378725, -0.16180339887498948, 0.11755686854300845, -0.08110590881378725, -0.2, 2.4492898080972317e-17, -0.08110590881378725, -0.1618033988749895, -0.11755686854300841, -0.08110590881378725, -0.061803398874989514, -0.19021100891359094, -0.08110590881378725, 0.06180339887498945, -0.19021100891359097, -0.08110590881378725, 0.16180339887498948, -0.11755686854300848, -0.08110590881378725, 
0.2, 0.0, -0.0777922130390188, 0.1618033988749895, 0.11755686254192181, -0.0777922130390188, 0.06180339887498949, 0.19021099920362883, -0.0777922130390188, -0.06180339887498947, 0.19021099920362886, -0.0777922130390188, -0.16180339887498948, 0.11755686254192184, -0.0777922130390188, -0.2, 2.4492896830649775e-17, -0.0777922130390188, -0.1618033988749895, -0.1175568625419218, -0.0777922130390188, -0.061803398874989514, -0.19021099920362883, -0.0777922130390188, 0.06180339887498945, -0.19021099920362886, -0.0777922130390188, 0.16180339887498948, -0.11755686254192187, -0.0777922130390188, 
0.2, 0.0, -0.07446793384997615, 0.1618033988749895, 0.11755685641724388, -0.07446793384997615, 0.06180339887498949, 0.1902109892936918, -0.07446793384997615, -0.06180339887498947, 0.19021098929369182, -0.07446793384997615, -0.16180339887498948, 0.11755685641724391, -0.07446793384997615, -0.2, 2.449289555457706e-17, -0.07446793384997615, -0.1618033988749895, -0.11755685641724387, -0.07446793384997615, -0.061803398874989514, -0.1902109892936918, -0.07446793384997615, 0.06180339887498945, -0.19021098929369182, -0.07446793384997615, 0.16180339887498948, -0.11755685641724394, -0.07446793384997615, 
0.2, 0.0, -0.07113350272418727, 0.1618033988749895, 0.11755685016850709, -0.07113350272418727, 0.06180339887498949, 0.19021097918302327, -0.07113350272418727, -0.06180339887498947, 0.1902109791830233, -0.07113350272418727, -0.16180339887498948, 0.11755685016850712, -0.07113350272418727, -0.2, 2.4492894252656762e-17, -0.07113350272418727, -0.1618033988749895, -0.11755685016850707, -0.07113350272418727, -0.061803398874989514, -0.19021097918302327, -0.07113350272418727, 0.06180339887498945, -0.1902109791830233, -0.07113350272418727, 0.16180339887498948, -0.11755685016850714, -0.07113350272418727, 
0.2, 0.0, -0.06778935263302918, 0.1618033988749895, 0.11755684379529172, -0.06778935263302918, 0.06180339887498949, 0.19021096887094419, -0.06778935263302918, -0.06180339887498947, 0.1902109688709442, -0.06778935263302918, -0.16180339887498948, 0.11755684379529174, -0.06778935263302918, -0.2, 2.4492892924801432e-17, -0.06778935263302918, -0.1618033988749895, -0.1175568437952917, -0.06778935263302918, -0.061803398874989514, -0.19021096887094419, -0.06778935263302918, 0.06180339887498945, -0.1902109688709442, -0.06778935263302918, 0.16180339887498948, -0.11755684379529177, -0.06778935263302918, 
0.2, 0.0, -0.06443591798168538, 0.1618033988749895, 0.11755683729722663, -0.06443591798168538, 0.06180339887498949, 0.190210958356854, -0.06443591798168538, -0.06180339887498947, 0.19021095835685403, -0.06443591798168538, -0.16180339887498948, 0.11755683729722666, -0.06443591798168538, -0.2, 2.4492891570933744e-17, -0.06443591798168538, -0.1618033988749895, -0.11755683729722662, -0.06443591798168538, -0.061803398874989514, -0.190210958356854, -0.06443591798168538, 0.06180339887498945, -0.19021095835685403, -0.06443591798168538, 0.16180339887498948, -0.11755683729722669, -0.06443591798168538, 
0.2, 0.0, -0.06107363454875741, 0.1618033988749895, 0.11755683067399003, -0.06107363454875741, 0.06180339887498949, 0.19021094764023208, -0.06107363454875741, -0.06180339887498947, 0.1902109476402321, -0.06107363454875741, -0.16180339887498948, 0.11755683067399006, -0.06107363454875741, -0.2, 2.449289019098665e-17, -0.06107363454875741, -0.1618033988749895, -0.11755683067399002, -0.06107363454875741, -0.061803398874989514, -0.19021094764023208, -0.06107363454875741, 0.06180339887498945, -0.1902109476402321, -0.06107363454875741, 0.16180339887498948, -0.11755683067399009, -0.06107363454875741, 
0.2, 0.0, -0.057702939425543456, 0.1618033988749895, 0.11755682392530992, -0.057702939425543456, 0.06180339887498949, 0.19021093672063827, -0.057702939425543456, -0.06180339887498947, 0.1902109367206383, -0.057702939425543456, -0.16180339887498948, 0.11755682392530994, -0.057702939425543456, -0.2, 2.4492888784903483e-17, -0.057702939425543456, -0.1618033988749895, -0.1175568239253099, -0.057702939425543456, -0.061803398874989514, -0.19021093672063827, -0.057702939425543456, 0.06180339887498945, -0.1902109367206383, -0.057702939425543456, 0.16180339887498948, -0.11755682392530997, -0.057702939425543456, 
0.2, 0.0, -0.054324270954997415, 0.1618033988749895, 0.11755681705096484, -0.054324270954997415, 0.06180339887498949, 0.1902109255977143, -0.054324270954997415, -0.06180339887498947, 0.19021092559771433, -0.054324270954997415, -0.16180339887498948, 0.11755681705096487, -0.054324270954997415, -0.2, 2.4492887352638098e-17, -0.054324270954997415, -0.1618033988749895, -0.11755681705096482, -0.054324270954997415, -0.061803398874989514, -0.1902109255977143, -0.054324270954997415, 0.06180339887498945, -0.19021092559771433, -0.054324270954997415, 0.16180339887498948, -0.11755681705096489, -0.054324270954997415, 
0.2, 0.0, -0.05093806867038177, 0.1618033988749895, 0.11755681005078435, -0.05093806867038177, 0.06180339887498949, 0.19021091427118433, -0.05093806867038177, -0.06180339887498947, 0.19021091427118436, -0.05093806867038177, -0.16180339887498948, 0.11755681005078437, -0.05093806867038177, -0.2, 2.449288589415499e-17, -0.05093806867038177, -0.1618033988749895, -0.11755681005078433, -0.05093806867038177, -0.061803398874989514, -0.19021091427118433, -0.05093806867038177, 0.06180339887498945, -0.19021091427118436, -0.05093806867038177, 0.16180339887498948, -0.1175568100507844, -0.05093806867038177, 
0.2, 0.0, -0.04754477323362812, 0.1618033988749895, 0.11755680292464976, -0.04754477323362812, 0.06180339887498949, 0.19021090274085634, -0.04754477323362812, -0.06180339887498947, 0.19021090274085636, -0.04754477323362812, -0.16180339887498948, 0.11755680292464979, -0.04754477323362812, -0.2, 2.449288440942942e-17, -0.04754477323362812, -0.1618033988749895, -0.11755680292464975, -0.04754477323362812, -0.061803398874989514, -0.19021090274085634, -0.04754477323362812, 0.06180339887498945, -0.19021090274085636, -0.04754477323362812, 0.16180339887498948, -0.11755680292464982, -0.04754477323362812, 
0.2, 0.0, -0.04414482637341928, 0.1618033988749895, 0.11755679567249441, -0.04414482637341928, 0.06180339887498949, 0.1902108910066225, -0.04414482637341928, -0.06180339887498947, 0.19021089100662253, -0.04414482637341928, -0.16180339887498948, 0.11755679567249444, -0.04414482637341928, -0.2, 2.449288289844751e-17, -0.04414482637341928, -0.1618033988749895, -0.1175567956724944, -0.04414482637341928, -0.061803398874989514, -0.1902108910066225, -0.04414482637341928, 0.06180339887498945, -0.19021089100662253, -0.04414482637341928, 0.16180339887498948, -0.11755679567249447, -0.04414482637341928, 
0.2, 0.0, -0.04073867082300706, 0.1618033988749895, 0.11755678829430444, -0.04073867082300706, 0.06180339887498949, 0.19021087906846035, -0.04073867082300706, -0.06180339887498947, 0.19021087906846038, -0.04073867082300706, -0.16180339887498948, 0.11755678829430447, -0.04073867082300706, -0.2, 2.4492881361206366e-17, -0.04073867082300706, -0.1618033988749895, -0.11755678829430442, -0.04073867082300706, -0.061803398874989514, -0.19021087906846035, -0.04073867082300706, 0.06180339887498945, -0.19021087906846038, -0.04073867082300706, 0.16180339887498948, -0.11755678829430449, -0.04073867082300706, 
0.2, 0.0, -0.03732675025778022, 0.1618033988749895, 0.117556780790119, -0.03732675025778022, 0.06180339887498949, 0.19021086692643324, -0.03732675025778022, -0.06180339887498947, 0.19021086692643327, -0.03732675025778022, -0.16180339887498948, 0.11755678079011903, -0.03732675025778022, -0.2, 2.449287979771415e-17, -0.03732675025778022, -0.1618033988749895, -0.11755678079011898, -0.03732675025778022, -0.061803398874989514, -0.19021086692643324, -0.03732675025778022, 0.06180339887498945, -0.19021086692643327, -0.03732675025778022, 0.16180339887498948, -0.11755678079011905, -0.03732675025778022, 
0.2, 0.0, -0.03390950923259691, 0.1618033988749895, 0.11755677316003102, -0.03390950923259691, 0.06180339887498949, 0.19021085458069156, -0.03390950923259691, -0.06180339887498947, 0.1902108545806916, -0.03390950923259691, -0.16180339887498948, 0.11755677316003105, -0.03390950923259691, -0.2, 2.4492878207990217e-17, -0.03390950923259691, -0.1618033988749895, -0.117556773160031, -0.03390950923259691, -0.061803398874989514, -0.19021085458069156, -0.03390950923259691, 0.06180339887498945, -0.1902108545806916, -0.03390950923259691, 0.16180339887498948, -0.11755677316003108, -0.03390950923259691, 
0.2, 0.0, -0.03048739311889661, 0.1618033988749895, 0.11755676540418737, -0.03048739311889661, 0.06180339887498949, 0.19021084203147293, -0.03048739311889661, -0.06180339887498947, 0.19021084203147295, -0.03048739311889661, -0.16180339887498948, 0.1175567654041874, -0.03048739311889661, -0.2, 2.4492876592065174e-17, -0.03048739311889661, -0.1618033988749895, -0.11755676540418736, -0.03048739311889661, -0.061803398874989514, -0.19021084203147293, -0.03048739311889661, 0.06180339887498945, -0.19021084203147295, -0.03048739311889661, 0.16180339887498948, -0.11755676540418743, -0.03048739311889661, 
0.2, 0.0, -0.027060848041606148, 0.1618033988749895, 0.11755675752278939, -0.027060848041606148, 0.06180339887498949, 0.19021082927910313, -0.027060848041606148, -0.06180339887498947, 0.19021082927910316, -0.027060848041606148, -0.16180339887498948, 0.11755675752278942, -0.027060848041606148, -0.2, 2.4492874949980966e-17, -0.027060848041606148, -0.1618033988749895, -0.11755675752278938, -0.027060848041606148, -0.061803398874989514, -0.19021082927910313, -0.027060848041606148, 0.06180339887498945, -0.19021082927910316, -0.027060848041606148, 0.16180339887498948, -0.11755675752278945, -0.027060848041606148, 
0.2, 0.0, -0.023630320815855088, 0.1618033988749895, 0.11755674951609324, -0.023630320815855088, 0.06180339887498949, 0.1902108163239966, -0.023630320815855088, -0.06180339887498947, 0.19021081632399664, -0.023630320815855088, -0.16180339887498948, 0.11755674951609327, -0.023630320815855088, -0.2, 2.4492873281790963e-17, -0.023630320815855088, -0.1618033988749895, -0.11755674951609323, -0.023630320815855088, -0.061803398874989514, -0.1902108163239966, -0.023630320815855088, 0.06180339887498945, -0.19021081632399664, -0.023630320815855088, 0.16180339887498948, -0.1175567495160933, -0.023630320815855088, 
0.2, 0.0, -0.02019625888351552, 0.1618033988749895, 0.11755674138441025, -0.02019625888351552, 0.06180339887498949, 0.19021080316665714, -0.02019625888351552, -0.06180339887498947, 0.19021080316665717, -0.02019625888351552, -0.16180339887498948, 0.11755674138441027, -0.02019625888351552, -0.2, 2.4492871587560033e-17, -0.02019625888351552, -0.1618033988749895, -0.11755674138441023, -0.02019625888351552, -0.061803398874989514, -0.19021080316665714, -0.02019625888351552, 0.06180339887498945, -0.19021080316665717, -0.02019625888351552, 0.16180339887498948, -0.1175567413844103, -0.02019625888351552, 
0.2, 0.0, -0.016759110249581637, 0.1618033988749895, 0.11755673312810719, -0.016759110249581637, 0.06180339887498949, 0.19021078980767817, -0.016759110249581637, -0.06180339887498947, 0.1902107898076782, -0.016759110249581637, -0.16180339887498948, 0.11755673312810722, -0.016759110249581637, -0.2, 2.449286986736459e-17, -0.016759110249581637, -0.1618033988749895, -0.11755673312810717, -0.016759110249581637, -0.061803398874989514, -0.19021078980767817, -0.016759110249581637, 0.06180339887498945, -0.1902107898076782, -0.016759110249581637, 0.16180339887498948, -0.11755673312810724, -0.016759110249581637, 
0.2, 0.0, -0.013319323418404524, 0.1618033988749895, 0.11755672474760667, -0.013319323418404524, 0.06180339887498949, 0.1902107762477435, -0.013319323418404524, -0.06180339887498947, 0.19021077624774352, -0.013319323418404524, -0.16180339887498948, 0.1175567247476067, -0.013319323418404524, -0.2, 2.449286812129269e-17, -0.013319323418404524, -0.1618033988749895, -0.11755672474760666, -0.013319323418404524, -0.061803398874989514, -0.1902107762477435, -0.013319323418404524, 0.06180339887498945, -0.19021077624774352, -0.013319323418404524, 0.16180339887498948, -0.11755672474760673, -0.013319323418404524, 
0.2, 0.0, -0.009877347329797692, 0.1618033988749895, 0.1175567162433873, -0.009877347329797692, 0.06180339887498949, 0.19021076248762753, -0.009877347329797692, -0.06180339887498947, 0.19021076248762755, -0.009877347329797692, -0.16180339887498948, 0.11755671624338733, -0.009877347329797692, -0.2, 2.4492866349444046e-17, -0.009877347329797692, -0.1618033988749895, -0.11755671624338729, -0.009877347329797692, -0.061803398874989514, -0.19021076248762753, -0.009877347329797692, 0.06180339887498945, -0.19021076248762755, -0.009877347329797692, 0.16180339887498948, -0.11755671624338736, -0.009877347329797692, 
0.2, 0.0, -0.0064336312950290485, 0.1618033988749895, 0.11755670761598395, -0.0064336312950290485, 0.06180339887498949, 0.19021074852819564, -0.0064336312950290485, -0.06180339887498947, 0.19021074852819567, -0.0064336312950290485, -0.16180339887498948, 0.11755670761598398, -0.0064336312950290485, -0.2, 2.4492864551930097e-17, -0.0064336312950290485, -0.1618033988749895, -0.11755670761598394, -0.0064336312950290485, -0.061803398874989514, -0.19021074852819564, -0.0064336312950290485, 0.06180339887498945, -0.19021074852819567, -0.0064336312950290485, 0.16180339887498948, -0.11755670761598401, -0.0064336312950290485, 
0.2, 0.0, -0.0029886249327149878, 0.1618033988749895, 0.11755669886598799, -0.0029886249327149878, 0.06180339887498949, 0.19021073437040478, -0.0029886249327149878, -0.06180339887498947, 0.1902107343704048, -0.0029886249327149878, -0.16180339887498948, 0.11755669886598802, -0.0029886249327149878, -0.2, 2.4492862728874055e-17, -0.0029886249327149878, -0.1618033988749895, -0.11755669886598798, -0.0029886249327149878, -0.061803398874989514, -0.19021073437040478, -0.0029886249327149878, 0.06180339887498945, -0.1902107343704048, -0.0029886249327149878, 0.16180339887498948, -0.11755669886598805, -0.0029886249327149878, 
0.2, 0.0, 0.00045722189536754254, 0.1618033988749895, 0.11755668999404742, 0.00045722189536754254, 0.06180339887498949, 0.1902107200153034, 0.00045722189536754254, -0.06180339887498947, 0.19021072001530342, 0.00045722189536754254, -0.16180339887498948, 0.11755668999404745, 0.00045722189536754254, -0.2, 2.4492860880410932e-17, 0.00045722189536754254, -0.1618033988749895, -0.1175566899940474, 0.00045722189536754254, -0.061803398874989514, -0.1902107200153034, 0.00045722189536754254, 0.06180339887498945, -0.19021072001530342, 0.00045722189536754254, 0.16180339887498948, -0.11755668999404748, 0.00045722189536754254, 
