x1,x10,y1,y2,loss
-20,-20,-0.133652,1.271625,0.747392372729
-20,-19,-0.140643,1.238775,0.694273079074
-20,-18,-0.147635,1.205925,0.6434100738499998
-20,-17,-0.154626,1.173073,0.5947997582050001
-20,-16,-0.161618,1.140219,0.5484431308850002
-20,-15,-0.168611,1.107365,0.5043433875459999
-20,-14,-0.175604,1.074508,0.46249627688000006
-20,-13,-0.182597,1.04165,0.42290488690899997
-20,-12,-0.18959,1.008791,0.38556941478100004
-20,-11,-0.196584,0.975931,0.35049045081700003
-20,-10,-0.203577,0.943068,0.31766531755300004
-20,-9,-0.210572,0.910205,0.28709878420900004
-20,-8,-0.217566,0.87734,0.25878778995600005
-20,-7,-0.224561,0.844474,0.23273443939699998
-20,-6,-0.231556,0.811606,0.20893772037200006
-20,-5,-0.238552,0.778736,0.1873985044
-20,-4,-0.245548,0.745866,0.16811805026000004
-20,-3,-0.252544,0.712993,0.151094584985
-20,-2,-0.25954,0.68012,0.13633027599999997
-20,-1,-0.266537,0.647245,0.12382473739399999
-20,0,-0.273534,0.614368,0.11357785858000002
-20,1,-0.280531,0.58149,0.10559036206099998
-20,2,-0.287529,0.548611,0.09986302016199998
-20,3,-0.294527,0.51573,0.096395286629
-20,4,-0.301525,0.482848,0.09518768672899999
-20,5,-0.308523,0.449964,0.09624035282499999
-20,6,-0.315522,0.417079,0.09955430972500001
-20,7,-0.322521,0.384192,0.105129218305
-20,8,-0.329521,0.351304,0.11296599985700001
-20,9,-0.336521,0.318415,0.12306422066600001
-20,10,-0.343521,0.285524,0.13542434201700002
-20,11,-0.350521,0.252632,0.150046428865
-20,12,-0.357522,0.219738,0.166931789128
-20,13,-0.370939,0.190131,0.189292403882
-20,14,-0.378064,0.156656,0.210971980432
-20,15,-0.385189,0.123178,0.23499600540499999
-20,16,-0.392314,0.0897,0.261363114596
-20,17,-0.39944,0.05622,0.290075552
-20,18,-0.406566,0.022738,0.321132949
-20,19,-0.413692,-0.010745,0.354534850889
-19,-20,-0.413692,-0.010745,0.354534850889
-19,-19,-0.413692,-0.010745,0.354534850889
-19,-18,-0.413692,-0.010745,0.354534850889
-19,-17,-0.413692,-0.010745,0.354534850889
-19,-16,-0.413692,-0.010745,0.354534850889
-19,-15,-0.413692,-0.010745,0.354534850889
-19,-14,-0.413692,-0.010745,0.354534850889
-19,-13,-0.413692,-0.010745,0.354534850889
-19,-12,-0.413692,-0.010745,0.354534850889
-19,-11,-0.413692,-0.010745,0.354534850889
-19,-10,-0.413692,-0.010745,0.354534850889
-19,-9,-0.413692,-0.010745,0.354534850889
-19,-8,-0.413692,-0.010745,0.354534850889
-19,-7,-0.413692,-0.010745,0.354534850889
-19,-6,-0.413692,-0.010745,0.354534850889
-19,-5,-0.413692,-0.010745,0.354534850889
-19,-4,-0.413692,-0.010745,0.354534850889
-19,-3,-0.413692,-0.010745,0.354534850889
-19,-2,-0.413692,-0.010745,0.354534850889
-19,-1,-0.413692,-0.010745,0.354534850889
-19,0,-0.413692,-0.010745,0.354534850889
-19,1,-0.413692,-0.010745,0.354534850889
-19,2,-0.413692,-0.010745,0.354534850889
-19,3,-0.413692,-0.010745,0.354534850889
-19,4,-0.413692,-0.010745,0.354534850889
-19,5,-0.413692,-0.010745,0.354534850889
-19,6,-0.413692,-0.010745,0.354534850889
-19,7,-0.413692,-0.010745,0.354534850889
-19,8,-0.413692,-0.010745,0.354534850889
-19,9,-0.413692,-0.010745,0.354534850889
-19,10,-0.413692,-0.010745,0.354534850889
-19,11,-0.413692,-0.010745,0.354534850889
-19,12,-0.349901,0.192342,0.17312683476500002
-19,13,-0.357026,0.158867,0.194358593365
-19,14,-0.36415,0.12539,0.21793347459999995
-19,15,-0.371275,0.091911,0.24385332254599998
-19,16,-0.3784,0.058431,0.272117106761
-19,17,-0.385526,0.024949,0.30272658427699994
-19,18,-0.392652,-0.008534,0.33568056226
-19,19,-0.399778,-0.042018,0.370979241608
-18,-20,-0.399778,-0.042018,0.370979241608
-18,-19,-0.399778,-0.042018,0.370979241608
-18,-18,-0.399778,-0.042018,0.370979241608
-18,-17,-0.399778,-0.042018,0.370979241608
-18,-16,-0.399778,-0.042018,0.370979241608
-18,-15,-0.399778,-0.042018,0.370979241608
-18,-14,-0.399778,-0.042018,0.370979241608
-18,-13,-0.399778,-0.042018,0.370979241608
-18,-12,-0.399778,-0.042018,0.370979241608
-18,-11,-0.399778,-0.042018,0.370979241608
-18,-10,-0.399778,-0.042018,0.370979241608
-18,-9,-0.399778,-0.042018,0.370979241608
-18,-8,-0.399778,-0.042018,0.370979241608
-18,-7,-0.399778,-0.042018,0.370979241608
-18,-6,-0.399778,-0.042018,0.370979241608
-18,-5,-0.399778,-0.042018,0.370979241608
-18,-4,-0.399778,-0.042018,0.370979241608
-18,-3,-0.399778,-0.042018,0.370979241608
-18,-2,-0.399778,-0.042018,0.370979241608
-18,-1,-0.399778,-0.042018,0.370979241608
-18,0,-0.399778,-0.042018,0.370979241608
-18,1,-0.399778,-0.042018,0.370979241608
-18,2,-0.399778,-0.042018,0.370979241608
-18,3,-0.399778,-0.042018,0.370979241608
-18,4,-0.399778,-0.042018,0.370979241608
-18,5,-0.399778,-0.042018,0.370979241608
-18,6,-0.399778,-0.042018,0.370979241608
-18,7,-0.399778,-0.042018,0.370979241608
-18,8,-0.399778,-0.042018,0.370979241608
-18,9,-0.399778,-0.042018,0.370979241608
-18,10,-0.399778,-0.042018,0.370979241608
-18,11,-0.328864,0.194554,0.15785644941199997
-18,12,-0.335988,0.161078,0.178640178228
-18,13,-0.343112,0.127601,0.201767274745
-18,14,-0.350236,0.094122,0.22723858658
-18,15,-0.357361,0.060642,0.255054516485
-18,16,-0.364486,0.027161,0.285214579117
-18,17,-0.371611,-0.006322,0.317719823005
-18,18,-0.378737,-0.039807,0.35257140741799997
-18,19,-0.385863,-0.073293,0.389768023618
-17,-20,-0.385863,-0.073293,0.389768023618
-17,-19,-0.385863,-0.073293,0.389768023618
-17,-18,-0.385863,-0.073293,0.389768023618
-17,-17,-0.385863,-0.073293,0.389768023618
-17,-16,-0.385863,-0.073293,0.389768023618
-17,-15,-0.385863,-0.073293,0.389768023618
-17,-14,-0.385863,-0.073293,0.389768023618
-17,-13,-0.385863,-0.073293,0.389768023618
-17,-12,-0.385863,-0.073293,0.389768023618
-17,-11,-0.385863,-0.073293,0.389768023618
-17,-10,-0.385863,-0.073293,0.389768023618
-17,-9,-0.385863,-0.073293,0.389768023618
-17,-8,-0.385863,-0.073293,0.389768023618
-17,-7,-0.385863,-0.073293,0.389768023618
-17,-6,-0.385863,-0.073293,0.389768023618
-17,-5,-0.385863,-0.073293,0.389768023618
-17,-4,-0.385863,-0.073293,0.389768023618
-17,-3,-0.385863,-0.073293,0.389768023618
-17,-2,-0.385863,-0.073293,0.389768023618
-17,-1,-0.385863,-0.073293,0.389768023618
-17,0,-0.385863,-0.073293,0.389768023618
-17,1,-0.385863,-0.073293,0.389768023618
-17,2,-0.385863,-0.073293,0.389768023618
-17,3,-0.385863,-0.073293,0.389768023618
-17,4,-0.385863,-0.073293,0.389768023618
-17,5,-0.385863,-0.073293,0.389768023618
-17,6,-0.385863,-0.073293,0.389768023618
-17,7,-0.385863,-0.073293,0.389768023618
-17,8,-0.385863,-0.073293,0.389768023618
-17,9,-0.385863,-0.073293,0.389768023618
-17,10,-0.307826,0.196765,0.143480786501
-17,11,-0.314949,0.163289,0.16381610512199996
-17,12,-0.322073,0.129812,0.18649540267299997
-17,13,-0.329197,0.096334,0.21151826436499999
-17,14,-0.336321,0.062854,0.238885600357
-17,15,-0.343446,0.029372,0.26859849929999996
-17,16,-0.350571,-0.004111,0.300655861362
-17,17,-0.357696,-0.037595,0.33505788744099996
-17,18,-0.364822,-0.071081,0.371806485245
-17,19,-0.371947,-0.104569,0.41090061157
-16,-20,-0.371947,-0.104569,0.41090061157
-16,-19,-0.371947,-0.104569,0.41090061157
-16,-18,-0.371947,-0.104569,0.41090061157
-16,-17,-0.371947,-0.104569,0.41090061157
-16,-16,-0.371947,-0.104569,0.41090061157
-16,-15,-0.371947,-0.104569,0.41090061157
-16,-14,-0.371947,-0.104569,0.41090061157
-16,-13,-0.371947,-0.104569,0.41090061157
-16,-12,-0.371947,-0.104569,0.41090061157
-16,-11,-0.371947,-0.104569,0.41090061157
-16,-10,-0.371947,-0.104569,0.41090061157
-16,-9,-0.371947,-0.104569,0.41090061157
-16,-8,-0.371947,-0.104569,0.41090061157
-16,-7,-0.371947,-0.104569,0.41090061157
-16,-6,-0.371947,-0.104569,0.41090061157
-16,-5,-0.371947,-0.104569,0.41090061157
-16,-4,-0.371947,-0.104569,0.41090061157
-16,-3,-0.371947,-0.104569,0.41090061157
-16,-2,-0.371947,-0.104569,0.41090061157
-16,-1,-0.371947,-0.104569,0.41090061157
-16,0,-0.371947,-0.104569,0.41090061157
-16,1,-0.371947,-0.104569,0.41090061157
-16,2,-0.371947,-0.104569,0.41090061157
-16,3,-0.371947,-0.104569,0.41090061157
-16,4,-0.371947,-0.104569,0.41090061157
-16,5,-0.371947,-0.104569,0.41090061157
-16,6,-0.371947,-0.104569,0.41090061157
-16,7,-0.371947,-0.104569,0.41090061157
-16,8,-0.371947,-0.104569,0.41090061157
-16,9,-0.286788,0.198976,0.13000009552
-16,10,-0.293911,0.1655,0.149887675921
-16,11,-0.301035,0.132023,0.172119188754
-16,12,-0.308158,0.098545,0.196693644989
-16,13,-0.315282,0.065065,0.223613168749
-16,14,-0.322406,0.031584,0.252876787892
-16,15,-0.32953,-0.001899,0.28448554210099997
-16,16,-0.336655,-0.035384,0.318440506481
-16,17,-0.34378,-0.06887,0.3547404652999999
-16,18,-0.350906,-0.102357,0.39338632128500006
-16,19,-0.358031,-0.135846,0.43437799267700006
-15,-20,-0.358031,-0.135846,0.43437799267700006
-15,-19,-0.358031,-0.135846,0.43437799267700006
-15,-18,-0.358031,-0.135846,0.43437799267700006
-15,-17,-0.358031,-0.135846,0.43437799267700006
-15,-16,-0.358031,-0.135846,0.43437799267700006
-15,-15,-0.358031,-0.135846,0.43437799267700006
-15,-14,-0.358031,-0.135846,0.43437799267700006
-15,-13,-0.358031,-0.135846,0.43437799267700006
-15,-12,-0.358031,-0.135846,0.43437799267700006
-15,-11,-0.358031,-0.135846,0.43437799267700006
-15,-10,-0.358031,-0.135846,0.43437799267700006
-15,-9,-0.358031,-0.135846,0.43437799267700006
-15,-8,-0.358031,-0.135846,0.43437799267700006
-15,-7,-0.358031,-0.135846,0.43437799267700006
-15,-6,-0.358031,-0.135846,0.43437799267700006
-15,-5,-0.358031,-0.135846,0.43437799267700006
-15,-4,-0.358031,-0.135846,0.43437799267700006
-15,-3,-0.358031,-0.135846,0.43437799267700006
-15,-2,-0.358031,-0.135846,0.43437799267700006
-15,-1,-0.358031,-0.135846,0.43437799267700006
-15,0,-0.358031,-0.135846,0.43437799267700006
-15,1,-0.358031,-0.135846,0.43437799267700006
-15,2,-0.358031,-0.135846,0.43437799267700006
-15,3,-0.358031,-0.135846,0.43437799267700006
-15,4,-0.358031,-0.135846,0.43437799267700006
-15,5,-0.358031,-0.135846,0.43437799267700006
-15,6,-0.358031,-0.135846,0.43437799267700006
-15,7,-0.358031,-0.135846,0.43437799267700006
-15,8,-0.265751,0.201187,0.11741490797
-15,9,-0.272873,0.167712,0.13685371907299998
-15,10,-0.279996,0.134235,0.158636820241
-15,11,-0.287119,0.100756,0.18276408169699998
-15,12,-0.294242,0.067276,0.20923520473999999
-15,13,-0.301366,0.033795,0.238050992981
-15,14,-0.30849,0.000312,0.26921190744400003
-15,15,-0.315614,-0.033172,0.30271744858
-15,16,-0.322739,-0.066658,0.338569431085
-15,17,-0.329864,-0.100146,0.37676763981199995
-15,18,-0.336989,-0.133635,0.4173113743459999
-15,19,-0.344115,-0.167125,0.4602015238499999
-14,-20,-0.344115,-0.167125,0.4602015238499999
-14,-19,-0.344115,-0.167125,0.4602015238499999
-14,-18,-0.344115,-0.167125,0.4602015238499999
-14,-17,-0.344115,-0.167125,0.4602015238499999
-14,-16,-0.344115,-0.167125,0.4602015238499999
-14,-15,-0.344115,-0.167125,0.4602015238499999
-14,-14,-0.344115,-0.167125,0.4602015238499999
-14,-13,-0.344115,-0.167125,0.4602015238499999
-14,-12,-0.344115,-0.167125,0.4602015238499999
-14,-11,-0.344115,-0.167125,0.4602015238499999
-14,-10,-0.344115,-0.167125,0.4602015238499999
-14,-9,-0.344115,-0.167125,0.4602015238499999
-14,-8,-0.344115,-0.167125,0.4602015238499999
-14,-7,-0.344115,-0.167125,0.4602015238499999
-14,-6,-0.344115,-0.167125,0.4602015238499999
-14,-5,-0.344115,-0.167125,0.4602015238499999
-14,-4,-0.344115,-0.167125,0.4602015238499999
-14,-3,-0.344115,-0.167125,0.4602015238499999
-14,-2,-0.344115,-0.167125,0.4602015238499999
-14,-1,-0.344115,-0.167125,0.4602015238499999
-14,0,-0.344115,-0.167125,0.4602015238499999
-14,1,-0.344115,-0.167125,0.4602015238499999
-14,2,-0.344115,-0.167125,0.4602015238499999
-14,3,-0.344115,-0.167125,0.4602015238499999
-14,4,-0.344115,-0.167125,0.4602015238499999
-14,5,-0.344115,-0.167125,0.4602015238499999
-14,6,-0.344115,-0.167125,0.4602015238499999
-14,7,-0.244713,0.203398,0.105724118773
-14,8,-0.251835,0.169923,0.12471523815399999
-14,9,-0.258957,0.136446,0.14605007876499998
-14,10,-0.26608,0.102968,0.16972894542399997
-14,11,-0.273203,0.069488,0.19575223135299996
-14,12,-0.280326,0.036006,0.224120338312
-14,13,-0.287449,0.002523,0.25483283813
-14,14,-0.294573,-0.030961,0.28789052085
-14,15,-0.301697,-0.064447,0.323293990618
-14,16,-0.308822,-0.097934,0.36104323604
-14,17,-0.315947,-0.131423,0.4011389667380001
-14,18,-0.323072,-0.164914,0.44358158458
-14,19,-0.330197,-0.198406,0.48837025964499997
-13,-20,-0.330197,-0.198406,0.48837025964499997
-13,-19,-0.330197,-0.198406,0.48837025964499997
-13,-18,-0.330197,-0.198406,0.48837025964499997
-13,-17,-0.330197,-0.198406,0.48837025964499997
-13,-16,-0.330197,-0.198406,0.48837025964499997
-13,-15,-0.330197,-0.198406,0.48837025964499997
-13,-14,-0.330197,-0.198406,0.48837025964499997
-13,-13,-0.330197,-0.198406,0.48837025964499997
-13,-12,-0.330197,-0.198406,0.48837025964499997
-13,-11,-0.330197,-0.198406,0.48837025964499997
-13,-10,-0.330197,-0.198406,0.48837025964499997
-13,-9,-0.330197,-0.198406,0.48837025964499997
-13,-8,-0.330197,-0.198406,0.48837025964499997
-13,-7,-0.330197,-0.198406,0.48837025964499997
-13,-6,-0.330197,-0.198406,0.48837025964499997
-13,-5,-0.330197,-0.198406,0.48837025964499997
-13,-4,-0.330197,-0.198406,0.48837025964499997
-13,-3,-0.330197,-0.198406,0.48837025964499997
-13,-2,-0.330197,-0.198406,0.48837025964499997
-13,-1,-0.330197,-0.198406,0.48837025964499997
-13,0,-0.330197,-0.198406,0.48837025964499997
-13,1,-0.330197,-0.198406,0.48837025964499997
-13,2,-0.330197,-0.198406,0.48837025964499997
-13,3,-0.330197,-0.198406,0.48837025964499997
-13,4,-0.330197,-0.198406,0.48837025964499997
-13,5,-0.330197,-0.198406,0.48837025964499997
-13,6,-0.223676,0.205609,0.094928748857
-13,7,-0.230797,0.172134,0.113471729165
-13,8,-0.237919,0.138657,0.13435886920999995
-13,9,-0.245041,0.105179,0.15758949872199998
-13,10,-0.252163,0.071699,0.18316451017
-13,11,-0.259286,0.038218,0.21108406532
-13,12,-0.266409,0.004735,0.241348700506
-13,13,-0.273532,-0.028749,0.273957925025
-13,14,-0.280656,-0.062235,0.308913460561
-13,15,-0.28778,-0.095723,0.346215176129
-13,16,-0.294904,-0.129212,0.38586238015999996
-13,17,-0.302029,-0.162702,0.427855877645
-13,18,-0.309154,-0.196194,0.47219652135199996
-13,19,-0.316279,-0.229687,0.51888341881
-12,-20,-0.316279,-0.229687,0.51888341881
-12,-19,-0.316279,-0.229687,0.51888341881
-12,-18,-0.316279,-0.229687,0.51888341881
-12,-17,-0.316279,-0.229687,0.51888341881
-12,-16,-0.316279,-0.229687,0.51888341881
-12,-15,-0.316279,-0.229687,0.51888341881
-12,-14,-0.316279,-0.229687,0.51888341881
-12,-13,-0.316279,-0.229687,0.51888341881
-12,-12,-0.316279,-0.229687,0.51888341881
-12,-11,-0.316279,-0.229687,0.51888341881
-12,-10,-0.316279,-0.229687,0.51888341881
-12,-9,-0.316279,-0.229687,0.51888341881
-12,-8,-0.316279,-0.229687,0.51888341881
-12,-7,-0.316279,-0.229687,0.51888341881
-12,-6,-0.316279,-0.229687,0.51888341881
-12,-5,-0.316279,-0.229687,0.51888341881
-12,-4,-0.316279,-0.229687,0.51888341881
-12,-3,-0.316279,-0.229687,0.51888341881
-12,-2,-0.316279,-0.229687,0.51888341881
-12,-1,-0.316279,-0.229687,0.51888341881
-12,0,-0.316279,-0.229687,0.51888341881
-12,1,-0.316279,-0.229687,0.51888341881
-12,2,-0.316279,-0.229687,0.51888341881
-12,3,-0.316279,-0.229687,0.51888341881
-12,4,-0.316279,-0.229687,0.51888341881
-12,5,-0.202638,0.20782,0.085027861444
-12,6,-0.209759,0.174345,0.10312319210599999
-12,7,-0.21688,0.140868,0.12356219782399999
-12,8,-0.224002,0.10739,0.146345108104
-12,9,-0.231124,0.07391,0.17147239147599996
-12,10,-0.238246,0.040429,0.198943695557
-12,11,-0.245369,0.006946,0.22876053307699998
-12,12,-0.252491,-0.026538,0.260921450525
-12,13,-0.259615,-0.060024,0.295429118801
-12,14,-0.266738,-0.093511,0.33228140276499996
-12,15,-0.273862,-0.127,0.371480645044
-12,16,-0.280986,-0.16049,0.413025572296
-12,17,-0.288111,-0.193982,0.45691818464499995
-12,18,-0.295235,-0.227475,0.50315645585
-12,19,-0.30236,-0.26097,0.5517431104999999
-11,-20,-0.30236,-0.26097,0.5517431104999999
-11,-19,-0.30236,-0.26097,0.5517431104999999
-11,-18,-0.30236,-0.26097,0.5517431104999999
-11,-17,-0.30236,-0.26097,0.5517431104999999
-11,-16,-0.30236,-0.26097,0.5517431104999999
-11,-15,-0.30236,-0.26097,0.5517431104999999
-11,-14,-0.30236,-0.26097,0.5517431104999999
-11,-13,-0.30236,-0.26097,0.5517431104999999
-11,-12,-0.30236,-0.26097,0.5517431104999999
-11,-11,-0.30236,-0.26097,0.5517431104999999
-11,-10,-0.30236,-0.26097,0.5517431104999999
-11,-9,-0.30236,-0.26097,0.5517431104999999
-11,-8,-0.30236,-0.26097,0.5517431104999999
-11,-7,-0.30236,-0.26097,0.5517431104999999
-11,-6,-0.30236,-0.26097,0.5517431104999999
-11,-5,-0.30236,-0.26097,0.5517431104999999
-11,-4,-0.30236,-0.26097,0.5517431104999999
-11,-3,-0.30236,-0.26097,0.5517431104999999
-11,-2,-0.30236,-0.26097,0.5517431104999999
-11,-1,-0.30236,-0.26097,0.5517431104999999
-11,0,-0.30236,-0.26097,0.5517431104999999
-11,1,-0.30236,-0.26097,0.5517431104999999
-11,2,-0.30236,-0.26097,0.5517431104999999
-11,3,-0.30236,-0.26097,0.5517431104999999
-11,4,-0.1816,0.210032,0.076021531024
-11,5,-0.188721,0.176556,0.093669626977
-11,6,-0.195842,0.14308,0.11366042536399998
-11,7,-0.202963,0.109601,0.13599577356999998
-11,8,-0.210084,0.076122,0.16067422593999997
-11,9,-0.217206,0.042641,0.187697716317
-11,10,-0.224328,0.009158,0.21706624054799997
-11,11,-0.23145,-0.024326,0.248779316776
-11,12,-0.238573,-0.057812,0.28283857367299997
-11,13,-0.245696,-0.091299,0.319242946817
-11,14,-0.25282,-0.124788,0.357994227344
-11,15,-0.259943,-0.158279,0.39909182009000005
-11,16,-0.267067,-0.19177,0.44253471538899997
-11,17,-0.274192,-0.225264,0.48832681256
-11,18,-0.281316,-0.258758,0.53646357442
-11,19,-0.288441,-0.292255,0.5869503705059999
-10,-20,-0.288441,-0.292255,0.5869503705059999
-10,-19,-0.288441,-0.292255,0.5869503705059999
-10,-18,-0.288441,-0.292255,0.5869503705059999
-10,-17,-0.288441,-0.292255,0.5869503705059999
-10,-16,-0.288441,-0.292255,0.5869503705059999
-10,-15,-0.288441,-0.292255,0.5869503705059999
-10,-14,-0.288441,-0.292255,0.5869503705059999
-10,-13,-0.288441,-0.292255,0.5869503705059999
-10,-12,-0.288441,-0.292255,0.5869503705059999
-10,-11,-0.288441,-0.292255,0.5869503705059999
-10,-10,-0.288441,-0.292255,0.5869503705059999
-10,-9,-0.288441,-0.292255,0.5869503705059999
-10,-8,-0.288441,-0.292255,0.5869503705059999
-10,-7,-0.288441,-0.292255,0.5869503705059999
-10,-6,-0.288441,-0.292255,0.5869503705059999
-10,-5,-0.288441,-0.292255,0.5869503705059999
-10,-4,-0.288441,-0.292255,0.5869503705059999
-10,-3,-0.288441,-0.292255,0.5869503705059999
-10,-2,-0.288441,-0.292255,0.5869503705059999
-10,-1,-0.288441,-0.292255,0.5869503705059999
-10,0,-0.288441,-0.292255,0.5869503705059999
-10,1,-0.288441,-0.292255,0.5869503705059999
-10,2,-0.288441,-0.292255,0.5869503705059999
-10,3,-0.160563,0.212243,0.06791091301800001
-10,4,-0.167683,0.178768,0.08511055631299999
-10,5,-0.174803,0.145291,0.10465382848999999
-10,6,-0.181924,0.111813,0.126540883745
-10,7,-0.189045,0.078333,0.150772265914
-10,8,-0.196166,0.044852,0.17734763146
-10,9,-0.203288,0.011369,0.20626840010499997
-10,10,-0.21041,-0.022115,0.237533716325
-10,11,-0.217532,-0.055601,0.271144727225
-10,12,-0.224654,-0.089088,0.30710082146000006
-10,13,-0.231777,-0.122577,0.34540374365800003
-10,14,-0.2389,-0.156067,0.38605231348899993
-10,15,-0.246024,-0.189559,0.429048438057
-10,16,-0.253148,-0.223052,0.474390774608
-10,17,-0.260272,-0.256547,0.522080872193
-10,18,-0.267396,-0.290043,0.5721177176650001
-10,19,-0.274521,-0.323541,0.6245035431220001
-9,-20,-0.274521,-0.323541,0.6245035431220001
-9,-19,-0.274521,-0.323541,0.6245035431220001
-9,-18,-0.274521,-0.323541,0.6245035431220001
-9,-17,-0.274521,-0.323541,0.6245035431220001
-9,-16,-0.274521,-0.323541,0.6245035431220001
-9,-15,-0.274521,-0.323541,0.6245035431220001
-9,-14,-0.274521,-0.323541,0.6245035431220001
-9,-13,-0.274521,-0.323541,0.6245035431220001
-9,-12,-0.274521,-0.323541,0.6245035431220001
-9,-11,-0.274521,-0.323541,0.6245035431220001
-9,-10,-0.274521,-0.323541,0.6245035431220001
-9,-9,-0.274521,-0.323541,0.6245035431220001
-9,-8,-0.274521,-0.323541,0.6245035431220001
-9,-7,-0.274521,-0.323541,0.6245035431220001
-9,-6,-0.274521,-0.323541,0.6245035431220001
-9,-5,-0.274521,-0.323541,0.6245035431220001
-9,-4,-0.274521,-0.323541,0.6245035431220001
-9,-3,-0.274521,-0.323541,0.6245035431220001
-9,-2,-0.274521,-0.323541,0.6245035431220001
-9,-1,-0.274521,-0.323541,0.6245035431220001
-9,0,-0.274521,-0.323541,0.6245035431220001
-9,1,-0.274521,-0.323541,0.6245035431220001
-9,2,-0.139525,0.214454,0.06069490374099999
-9,3,-0.146645,0.180979,0.077446939466
-9,4,-0.153765,0.147502,0.09654259522899998
-9,5,-0.160885,0.114024,0.11798166580099999
-9,6,-0.168005,0.080544,0.141765025961
-9,7,-0.175126,0.047063,0.16789268684499997
-9,8,-0.182247,0.013581,0.19636452756999997
-9,9,-0.189369,-0.019903,0.22718200256999999
-9,10,-0.19649,-0.053389,0.260344770421
-9,11,-0.203612,-0.086876,0.2958529959199999
-9,12,-0.210735,-0.120365,0.33370799845000004
-9,13,-0.217858,-0.153855,0.37390864418899994
-9,14,-0.224981,-0.187347,0.41645634377
-9,15,-0.232104,-0.22084,0.461350222416
-9,16,-0.239228,-0.254335,0.508592303209
-9,17,-0.246352,-0.287831,0.5581811274649999
-9,18,-0.253476,-0.321329,0.6101183738169998
-9,19,-0.260601,-0.354828,0.6644034207849999
-8,-20,-0.260601,-0.354828,0.6644034207849999
-8,-19,-0.260601,-0.354828,0.6644034207849999
-8,-18,-0.260601,-0.354828,0.6644034207849999
-8,-17,-0.260601,-0.354828,0.6644034207849999
-8,-16,-0.260601,-0.354828,0.6644034207849999
-8,-15,-0.260601,-0.354828,0.6644034207849999
-8,-14,-0.260601,-0.354828,0.6644034207849999
-8,-13,-0.260601,-0.354828,0.6644034207849999
-8,-12,-0.260601,-0.354828,0.6644034207849999
-8,-11,-0.260601,-0.354828,0.6644034207849999
-8,-10,-0.260601,-0.354828,0.6644034207849999
-8,-9,-0.260601,-0.354828,0.6644034207849999
-8,-8,-0.260601,-0.354828,0.6644034207849999
-8,-7,-0.260601,-0.354828,0.6644034207849999
-8,-6,-0.260601,-0.354828,0.6644034207849999
-8,-5,-0.260601,-0.354828,0.6644034207849999
-8,-4,-0.260601,-0.354828,0.6644034207849999
-8,-3,-0.260601,-0.354828,0.6644034207849999
-8,-2,-0.260601,-0.354828,0.6644034207849999
-8,-1,-0.260601,-0.354828,0.6644034207849999
-8,0,-0.260601,-0.354828,0.6644034207849999
-8,1,-0.118488,0.216665,0.05437410336899999
-8,2,-0.125607,0.18319,0.070678294549
-8,3,-0.132726,0.149713,0.089326068445
-8,4,-0.139846,0.116235,0.110317503941
-8,5,-0.146966,0.082756,0.133652550692
-8,6,-0.154086,0.049275,0.159332146021
-8,7,-0.161207,0.015792,0.18735701411299996
-8,8,-0.168328,-0.017692,0.217726392448
-8,9,-0.175449,-0.051178,0.25044141928499997
-8,10,-0.182571,-0.084665,0.28550185726599997
-8,11,-0.189692,-0.118153,0.32290719127299994
-8,12,-0.196815,-0.151643,0.36265989867399995
-8,13,-0.203937,-0.185135,0.40475924319400003
-8,14,-0.21106,-0.218628,0.449205155984
-8,15,-0.218183,-0.252123,0.4959987836179999
-8,16,-0.225307,-0.285619,0.5451395724100001
-8,17,-0.232431,-0.319117,0.59662877445
-8,18,-0.239555,-0.352616,0.6504652514810001
-8,19,-0.246679,-0.386117,0.70665081173
-7,-20,-0.246679,-0.386117,0.70665081173
-7,-19,-0.246679,-0.386117,0.70665081173
-7,-18,-0.246679,-0.386117,0.70665081173
-7,-17,-0.246679,-0.386117,0.70665081173
-7,-16,-0.246679,-0.386117,0.70665081173
-7,-15,-0.246679,-0.386117,0.70665081173
-7,-14,-0.246679,-0.386117,0.70665081173
-7,-13,-0.246679,-0.386117,0.70665081173
-7,-12,-0.246679,-0.386117,0.70665081173
-7,-11,-0.246679,-0.386117,0.70665081173
-7,-10,-0.246679,-0.386117,0.70665081173
-7,-9,-0.246679,-0.386117,0.70665081173
-7,-8,-0.246679,-0.386117,0.70665081173
-7,-7,-0.246679,-0.386117,0.70665081173
-7,-6,-0.246679,-0.386117,0.70665081173
-7,-5,-0.246679,-0.386117,0.70665081173
-7,-4,-0.246679,-0.386117,0.70665081173
-7,-3,-0.246679,-0.386117,0.70665081173
-7,-2,-0.246679,-0.386117,0.70665081173
-7,-1,-0.246679,-0.386117,0.70665081173
-7,0,-0.09745,0.218876,0.048947995875999996
-7,1,-0.104568,0.185401,0.06480441242499999
-7,2,-0.111687,0.151925,0.083004066594
-7,3,-0.118807,0.118447,0.10354780005800002
-7,4,-0.125926,0.084967,0.12643555356499997
-7,5,-0.133046,0.051486,0.151667486312
-7,6,-0.140166,0.018004,0.17924356157199997
-7,7,-0.147287,-0.01548,0.20916514076899997
-7,8,-0.154408,-0.048966,0.24143235961999998
-7,9,-0.161529,-0.082453,0.27604462004999997
-7,10,-0.16865,-0.115942,0.313003189864
-7,11,-0.175772,-0.149432,0.352307688608
-7,12,-0.182894,-0.182923,0.39395799416499994
-7,13,-0.190016,-0.216416,0.4379555753119999
-7,14,-0.197139,-0.249911,0.48430122824199995
-7,15,-0.204262,-0.283407,0.532993587293
-7,16,-0.211386,-0.316905,0.584034745021
-7,17,-0.218509,-0.350404,0.6374227362969999
-7,18,-0.225633,-0.383905,0.6931602247139999
-7,19,-0.232758,-0.417407,0.7512459852129999
-6,-20,-0.232758,-0.417407,0.7512459852129999
-6,-19,-0.232758,-0.417407,0.7512459852129999
-6,-18,-0.232758,-0.417407,0.7512459852129999
-6,-17,-0.232758,-0.417407,0.7512459852129999
-6,-16,-0.232758,-0.417407,0.7512459852129999
-6,-15,-0.232758,-0.417407,0.7512459852129999
-6,-14,-0.232758,-0.417407,0.7512459852129999
-6,-13,-0.232758,-0.417407,0.7512459852129999
-6,-12,-0.232758,-0.417407,0.7512459852129999
-6,-11,-0.232758,-0.417407,0.7512459852129999
-6,-10,-0.232758,-0.417407,0.7512459852129999
-6,-9,-0.232758,-0.417407,0.7512459852129999
-6,-8,-0.232758,-0.417407,0.7512459852129999
-6,-7,-0.232758,-0.417407,0.7512459852129999
-6,-6,-0.232758,-0.417407,0.7512459852129999
-6,-5,-0.232758,-0.417407,0.7512459852129999
-6,-4,-0.232758,-0.417407,0.7512459852129999
-6,-3,-0.232758,-0.417407,0.7512459852129999
-6,-2,-0.232758,-0.417407,0.7512459852129999
-6,-1,-0.076412,0.221087,0.04441686031299999
-6,0,-0.08353,0.187612,0.05982575344399999
-6,1,-0.090649,0.154136,0.07757783769699998
-6,2,-0.097768,0.120658,0.097673754788
-6,3,-0.104887,0.087178,0.120113906453
-6,4,-0.112006,0.053698,0.14489723923999998
-6,5,-0.119126,0.020215,0.172026375101
-6,6,-0.126246,-0.013269,0.20149998387699997
-6,7,-0.133366,-0.046754,0.233318266472
-6,8,-0.140487,-0.080241,0.26748270025
-6,9,-0.147608,-0.11373,0.303993434564
-6,10,-0.154729,-0.14722,0.342849741841
-6,11,-0.161851,-0.180712,0.38405334314499995
-6,12,-0.168973,-0.214205,0.42760308175399997
-6,13,-0.176095,-0.247699,0.473499158626
-6,14,-0.183217,-0.281195,0.5217431721139999
-6,15,-0.19034,-0.314693,0.572335904849
-6,16,-0.197464,-0.348192,0.6252762701600001
-6,17,-0.204587,-0.381693,0.6805652918180001
-6,18,-0.211711,-0.415195,0.738202510546
-6,19,-0.218835,-0.448698,0.798187732429
-5,-20,-0.218835,-0.448698,0.798187732429
-5,-19,-0.218835,-0.448698,0.798187732429
-5,-18,-0.218835,-0.448698,0.798187732429
-5,-17,-0.218835,-0.448698,0.798187732429
-5,-16,-0.218835,-0.448698,0.798187732429
-5,-15,-0.218835,-0.448698,0.798187732429
-5,-14,-0.218835,-0.448698,0.798187732429
-5,-13,-0.218835,-0.448698,0.798187732429
-5,-12,-0.218835,-0.448698,0.798187732429
-5,-11,-0.218835,-0.448698,0.798187732429
-5,-10,-0.218835,-0.448698,0.798187732429
-5,-9,-0.218835,-0.448698,0.798187732429
-5,-8,-0.218835,-0.448698,0.798187732429
-5,-7,-0.218835,-0.448698,0.798187732429
-5,-6,-0.218835,-0.448698,0.798187732429
-5,-5,-0.218835,-0.448698,0.798187732429
-5,-4,-0.218835,-0.448698,0.798187732429
-5,-3,-0.218835,-0.448698,0.798187732429
-5,-2,-0.055375,0.223298,0.04078080742899999
-5,-1,-0.062492,0.189824,0.05574161103999999
-5,0,-0.06961,0.156347,0.07304644150899998
-5,1,-0.076729,0.122869,0.09269476560199999
-5,2,-0.083847,0.08939,0.11468649150900001
-5,3,-0.090966,0.055909,0.13902286443700002
-5,4,-0.098085,0.022426,0.16570413270099998
-5,5,-0.105205,-0.011057,0.19472919427399998
-5,6,-0.112325,-0.044543,0.226100639474
-5,7,-0.119445,-0.07803,0.25981708892499994
-5,8,-0.126565,-0.111518,0.29587874354899996
-5,9,-0.133686,-0.145008,0.33428719666
-5,10,-0.140807,-0.1785,0.37504261124899996
-5,11,-0.147929,-0.211993,0.41814442608999997
-5,12,-0.155051,-0.245487,0.46359257477
-5,13,-0.162173,-0.278983,0.5113886512179999
-5,14,-0.169295,-0.312481,0.561533057386
-5,15,-0.176418,-0.34598,0.6140250211239999
-5,16,-0.183541,-0.379481,0.6688660130419999
-5,17,-0.190664,-0.412983,0.726054774185
-5,18,-0.197788,-0.446486,0.7855919011399999
-5,19,-0.204912,-0.479991,0.8474790228250001
-4,-20,-0.204912,-0.479991,0.8474790228250001
-4,-19,-0.204912,-0.479991,0.8474790228250001
-4,-18,-0.204912,-0.479991,0.8474790228250001
-4,-17,-0.204912,-0.479991,0.8474790228250001
-4,-16,-0.204912,-0.479991,0.8474790228250001
-4,-15,-0.204912,-0.479991,0.8474790228250001
-4,-14,-0.204912,-0.479991,0.8474790228250001
-4,-13,-0.204912,-0.479991,0.8474790228250001
-4,-12,-0.204912,-0.479991,0.8474790228250001
-4,-11,-0.204912,-0.479991,0.8474790228250001
-4,-10,-0.204912,-0.479991,0.8474790228250001
-4,-9,-0.204912,-0.479991,0.8474790228250001
-4,-8,-0.204912,-0.479991,0.8474790228250001
-4,-7,-0.204912,-0.479991,0.8474790228250001
-4,-6,-0.204912,-0.479991,0.8474790228250001
-4,-5,-0.204912,-0.479991,0.8474790228250001
-4,-4,-0.204912,-0.479991,0.8474790228250001
-4,-3,-0.034337,0.22551,0.038039189668999995
-4,-2,-0.041454,0.192035,0.052552900340999985
-4,-1,-0.048572,0.158558,0.069410198548
-4,0,-0.055689,0.125081,0.088610136282
-4,1,-0.062808,0.091601,0.11015500306499999
-4,2,-0.069926,0.05812,0.13404362987599996
-4,3,-0.077045,0.024638,0.160276483069
-4,4,-0.084164,-0.008846,0.188854490612
-4,5,-0.091283,-0.042331,0.21977713464999998
-4,6,-0.098403,-0.075818,0.253045799533
-4,7,-0.105523,-0.109307,0.28866071877800004
-4,8,-0.112643,-0.142797,0.32662117365800003
-4,9,-0.119764,-0.176288,0.36692760463999996
-4,10,-0.126885,-0.209781,0.40958125618599994
-4,11,-0.134006,-0.243276,0.454582530212
-4,12,-0.141128,-0.276772,0.501930722368
-4,13,-0.14825,-0.310269,0.551625779861
-4,14,-0.155372,-0.343768,0.6036694262080001
-4,15,-0.162495,-0.377269,0.6580623883860001
-4,16,-0.169618,-0.410771,0.714803115365
-4,17,-0.176741,-0.444274,0.7738918081570001
-4,18,-0.183864,-0.477779,0.8353304583369998
-4,19,-0.190988,-0.511286,0.8991198499399999
-3,-20,-0.190988,-0.511286,0.8991198499399999
-3,-19,-0.190988,-0.511286,0.8991198499399999
-3,-18,-0.190988,-0.511286,0.8991198499399999
-3,-17,-0.190988,-0.511286,0.8991198499399999
-3,-16,-0.190988,-0.511286,0.8991198499399999
-3,-15,-0.190988,-0.511286,0.8991198499399999
-3,-14,-0.190988,-0.511286,0.8991198499399999
-3,-13,-0.190988,-0.511286,0.8991198499399999
-3,-12,-0.190988,-0.511286,0.8991198499399999
-3,-11,-0.190988,-0.511286,0.8991198499399999
-3,-10,-0.190988,-0.511286,0.8991198499399999
-3,-9,-0.190988,-0.511286,0.8991198499399999
-3,-8,-0.190988,-0.511286,0.8991198499399999
-3,-7,-0.190988,-0.511286,0.8991198499399999
-3,-6,-0.190988,-0.511286,0.8991198499399999
-3,-5,-0.190988,-0.511286,0.8991198499399999
-3,-4,-0.013299,0.227721,0.036192932241999994
-3,-3,-0.020416,0.194246,0.05025916157199999
-3,-2,-0.027533,0.16077,0.066668358989
-3,-1,-0.03465,0.127292,0.085421305764
-3,0,-0.041768,0.093813,0.106517839793
-3,1,-0.048886,0.060332,0.12995882122
-3,2,-0.056004,0.026849,0.15574465181699998
-3,3,-0.063123,-0.006634,0.18387416308499996
-3,4,-0.070242,-0.04012,0.21435000296399997
-3,5,-0.077361,-0.073607,0.24717080976999997
-3,6,-0.084481,-0.107095,0.28233695338599996
-3,7,-0.0916,-0.140585,0.3198494272249999
-3,8,-0.098721,-0.174076,0.35970799961699995
-3,9,-0.105841,-0.207569,0.401913572042
-3,10,-0.112962,-0.241064,0.44646695553999993
-3,11,-0.120083,-0.27456,0.493366970489
-3,12,-0.127205,-0.308057,0.542614072274
-3,13,-0.134326,-0.341556,0.5942094854119999
-3,14,-0.141449,-0.375057,0.6481544178499998
-3,15,-0.148571,-0.408559,0.704446813522
-3,16,-0.155694,-0.442062,0.76308745348
-3,17,-0.162817,-0.475567,0.824078041978
-3,18,-0.16994,-0.509074,0.887418981076
-3,19,-0.177064,-0.542582,0.9531091068199999
-2,-20,-0.177064,-0.542582,0.9531091068199999
-2,-19,-0.177064,-0.542582,0.9531091068199999
-2,-18,-0.177064,-0.542582,0.9531091068199999
-2,-17,-0.177064,-0.542582,0.9531091068199999
-2,-16,-0.177064,-0.542582,0.9531091068199999
-2,-15,-0.177064,-0.542582,0.9531091068199999
-2,-14,-0.177064,-0.542582,0.9531091068199999
-2,-13,-0.177064,-0.542582,0.9531091068199999
-2,-12,-0.177064,-0.542582,0.9531091068199999
-2,-11,-0.177064,-0.542582,0.9531091068199999
-2,-10,-0.177064,-0.542582,0.9531091068199999
-2,-9,-0.177064,-0.542582,0.9531091068199999
-2,-8,-0.177064,-0.542582,0.9531091068199999
-2,-7,-0.177064,-0.542582,0.9531091068199999
-2,-6,-0.177064,-0.542582,0.9531091068199999
-2,-5,0.007738,0.229932,0.03524163126799999
-2,-4,0.000622,0.196457,0.048860394732999995
-2,-3,-0.006494,0.162981,0.064822093397
-2,-2,-0.013611,0.129503,0.08312753132999996
-2,-1,-0.020728,0.096024,0.10377646855999999
-2,0,-0.027846,0.062543,0.12676987156499997
-2,1,-0.034964,0.029061,0.152107338017
-2,2,-0.042082,-0.004423,0.17978991265299998
-2,3,-0.0492,-0.037908,0.209817086464
-2,4,-0.056319,-0.071395,0.24219015078599998
-2,5,-0.063438,-0.104883,0.27690837853300004
-2,6,-0.070558,-0.138373,0.31397322349299994
-2,7,-0.077677,-0.171865,0.3533848195539999
-2,8,-0.084797,-0.205358,0.395142619373
-2,9,-0.091918,-0.238852,0.43924686662800005
-2,10,-0.099038,-0.272348,0.485698788548
-2,11,-0.106159,-0.305845,0.5344977223059999
-2,12,-0.113281,-0.339344,0.585645425297
-2,13,-0.120402,-0.372845,0.6391418606289999
-2,14,-0.127524,-0.406346,0.694984602292
-2,15,-0.134647,-0.43985,0.7531788371090001
-2,16,-0.141769,-0.473355,0.813721080386
-2,17,-0.148892,-0.506861,0.876612085985
-2,18,-0.156015,-0.540369,0.941853701386
-2,19,-0.163139,-0.573879,1.009446654962
-1,-20,-0.163139,-0.573879,1.009446654962
-1,-19,-0.163139,-0.573879,1.009446654962
-1,-18,-0.163139,-0.573879,1.009446654962
-1,-17,-0.163139,-0.573879,1.009446654962
-1,-16,-0.163139,-0.573879,1.009446654962
-1,-15,-0.163139,-0.573879,1.009446654962
-1,-14,-0.163139,-0.573879,1.009446654962
-1,-13,-0.163139,-0.573879,1.009446654962
-1,-12,-0.163139,-0.573879,1.009446654962
-1,-11,-0.163139,-0.573879,1.009446654962
-1,-10,-0.163139,-0.573879,1.009446654962
-1,-9,-0.163139,-0.573879,1.009446654962
-1,-8,-0.163139,-0.573879,1.009446654962
-1,-7,-0.163139,-0.573879,1.009446654962
-1,-6,0.028776,0.232143,0.035185275625
-1,-5,0.02166,0.198668,0.048356599823999986
-1,-4,0.014544,0.165192,0.06387085479999999
-1,-3,0.007428,0.131714,0.08172881298
-1,-2,0.000311,0.098235,0.10193023694599998
-1,-1,-0.006806,0.064754,0.12447606215200001
-1,0,-0.013923,0.031272,0.14936591791299997
-1,1,-0.021041,-0.002211,0.176600047202
-1,2,-0.028159,-0.035697,0.20618045008999997
-1,3,-0.035277,-0.069184,0.238105782585
-1,4,-0.042396,-0.102672,0.2723763304
-1,5,-0.049515,-0.136162,0.308993345469
-1,6,-0.056634,-0.169653,0.347956055365
-1,7,-0.063754,-0.203146,0.38926602983200004
-1,8,-0.070874,-0.23664,0.43292226347599994
-1,9,-0.077994,-0.270136,0.4789263325319999
-1,10,-0.085114,-0.303633,0.5272771966850001
-1,11,-0.092235,-0.337132,0.577976750649
-1,12,-0.099356,-0.370632,0.63102366416
-1,13,-0.106478,-0.404134,0.68641999444
-1,14,-0.1136,-0.437638,0.7441659590439998
-1,15,-0.120722,-0.471143,0.8042601827329999
-1,16,-0.127844,-0.504649,0.866702866537
-1,17,-0.134967,-0.538157,0.931496392738
-1,18,-0.14209,-0.571666,0.9986389436559999
-1,19,-0.149213,-0.605177,1.0681327656979998
0,-20,-0.149213,-0.605177,1.0681327656979998
0,-19,-0.149213,-0.605177,1.0681327656979998
0,-18,-0.149213,-0.605177,1.0681327656979998
0,-17,-0.149213,-0.605177,1.0681327656979998
0,-16,-0.149213,-0.605177,1.0681327656979998
0,-15,-0.149213,-0.605177,1.0681327656979998
0,-14,-0.149213,-0.605177,1.0681327656979998
0,-13,-0.149213,-0.605177,1.0681327656979998
0,-12,-0.149213,-0.605177,1.0681327656979998
0,-11,-0.149213,-0.605177,1.0681327656979998
0,-10,-0.149213,-0.605177,1.0681327656979998
0,-9,-0.149213,-0.605177,1.0681327656979998
0,-8,-0.149213,-0.605177,1.0681327656979998
0,-7,0.049814,0.234354,0.036023891911999985
0,-6,0.042698,0.20088,0.048747343603999994
0,-5,0.035583,0.167403,0.06381465929800001
0,-4,0.028467,0.133926,0.08122458356500001
0,-3,0.021351,0.100447,0.10097847000999997
0,-2,0.014234,0.066966,0.12307669191200002
0,-1,0.007117,0.033484,0.14751893994499998
0,0,-0.0,0.0,0.17430625
0,1,-0.007118,-0.033485,0.20343813614899997
0,2,-0.014235,-0.066972,0.234915754009
0,3,-0.021353,-0.10046,0.26873851220899997
0,4,-0.028472,-0.13395,0.304907757284
0,5,-0.035591,-0.167441,0.3434226927619999
0,6,-0.04271,-0.200934,0.3842847564559999
0,7,-0.049829,-0.234428,0.42749304642499997
0,8,-0.056949,-0.267924,0.473049248377
0,9,-0.064069,-0.301421,0.5209522410019999
0,10,-0.071189,-0.33492,0.571203730121
0,11,-0.07831,-0.36842,0.6238027024999999
0,12,-0.085431,-0.401922,0.678750869845
0,13,-0.092552,-0.435426,0.7360486341799999
0,14,-0.099674,-0.46893,0.7956930511760001
0,15,-0.106796,-0.502437,0.857689469585
0,16,-0.113918,-0.535945,0.9220346787489999
0,17,-0.121041,-0.569454,0.988729121797
0,18,-0.128164,-0.602965,1.057774827121
0,19,-0.135287,-0.636477,1.1291700888979999
1,-20,-0.135287,-0.636477,1.1291700888979999
1,-19,-0.135287,-0.636477,1.1291700888979999
1,-18,-0.135287,-0.636477,1.1291700888979999
1,-17,-0.135287,-0.636477,1.1291700888979999
1,-16,-0.135287,-0.636477,1.1291700888979999
1,-15,-0.135287,-0.636477,1.1291700888979999
1,-14,-0.135287,-0.636477,1.1291700888979999
1,-13,-0.135287,-0.636477,1.1291700888979999
1,-12,-0.135287,-0.636477,1.1291700888979999
1,-11,-0.135287,-0.636477,1.1291700888979999
1,-10,-0.135287,-0.636477,1.1291700888979999
1,-9,-0.135287,-0.636477,1.1291700888979999
1,-8,0.070851,0.236565,0.037757338425999994
1,-7,0.063736,0.203091,0.05003349697699999
1,-6,0.056621,0.169615,0.064652910866
1,-5,0.049506,0.136137,0.08161598180499999
1,-4,0.04239,0.102658,0.10092239706399998
1,-3,0.035274,0.069177,0.12257316740499999
1,-2,0.028158,0.035695,0.146567930989
1,-1,0.021041,0.002211,0.17290767720199998
1,0,0.013924,-0.031274,0.201591980852
1,1,0.006807,-0.06476,0.23262104284899995
1,2,-0.000311,-0.098249,0.265997127722
1,3,-0.007429,-0.131738,0.30171757068500005
1,4,-0.014547,-0.165229,0.33978470264999994
1,5,-0.021666,-0.198722,0.38019896884000004
1,6,-0.028785,-0.232216,0.42295945688099995
1,7,-0.035904,-0.265712,0.4680677341599999
1,8,-0.043024,-0.299209,0.5155228552570001
1,9,-0.050144,-0.332708,0.565326464
1,10,-0.057264,-0.366208,0.6174773949599999
1,11,-0.064385,-0.39971,0.671977612325
1,12,-0.071505,-0.433213,0.7288255733940001
1,13,-0.078627,-0.466718,0.7880236766529999
1,14,-0.085748,-0.500225,0.849571895129
1,15,-0.09287,-0.533732,0.913467154724
1,16,-0.099992,-0.567242,0.979715206628
1,17,-0.107114,-0.600753,1.0483125810050002
1,18,-0.114237,-0.634265,1.119259707394
1,19,-0.12136,-0.667779,1.192558757441
2,-20,-0.12136,-0.667779,1.192558757441
2,-19,-0.12136,-0.667779,1.192558757441
2,-18,-0.12136,-0.667779,1.192558757441
2,-17,-0.12136,-0.667779,1.192558757441
2,-16,-0.12136,-0.667779,1.192558757441
2,-15,-0.12136,-0.667779,1.192558757441
2,-14,-0.12136,-0.667779,1.192558757441
2,-13,-0.12136,-0.667779,1.192558757441
2,-12,-0.12136,-0.667779,1.192558757441
2,-11,-0.12136,-0.667779,1.192558757441
2,-10,-0.12136,-0.667779,1.192558757441
2,-9,0.091889,0.238776,0.040385856496999994
2,-8,0.084774,0.205302,0.052214622279999984
2,-7,0.07766,0.171826,0.066386789876
2,-6,0.070545,0.138348,0.08290243612899997
2,-5,0.06343,0.104869,0.10176150706099998
2,-4,0.056314,0.071389,0.122964090917
2,-3,0.049198,0.037907,0.14651128885299997
2,-2,0.042082,0.004423,0.17240350265299997
2,-1,0.034965,-0.029062,0.20064017106899998
2,0,0.027848,-0.062549,0.23122255350499996
2,1,0.020731,-0.096037,0.26415002473000004
2,2,0.013614,-0.129527,0.2994238797249999
2,3,0.006496,-0.163018,0.33704334633999994
2,4,-0.000622,-0.19651,0.37700866698399993
2,5,-0.007741,-0.230005,0.419322648106
2,6,-0.014859,-0.2635,0.4639817898810001
2,7,-0.021979,-0.296997,0.5109890394499998
2,8,-0.029098,-0.330496,0.56034470962
2,9,-0.036218,-0.363996,0.61204774154
2,10,-0.043338,-0.397498,0.6660999222480001
2,11,-0.050458,-0.431001,0.7224999567649999
2,12,-0.057579,-0.464506,0.7812499252769999
2,13,-0.0647,-0.498012,0.842348312144
2,14,-0.071821,-0.53152,0.9057972164409999
2,15,-0.078943,-0.565029,0.97159523309
2,16,-0.086065,-0.59854,1.0397444658249997
2,17,-0.093187,-0.632053,1.110245316778
2,18,-0.10031,-0.665566,1.1830940564560002
2,19,-0.107433,-0.699082,1.258297212213
3,-20,-0.107433,-0.699082,1.258297212213
3,-19,-0.107433,-0.699082,1.258297212213
3,-18,-0.107433,-0.699082,1.258297212213
3,-17,-0.107433,-0.699082,1.258297212213
3,-16,-0.107433,-0.699082,1.258297212213
3,-15,-0.107433,-0.699082,1.258297212213
3,-14,-0.107433,-0.699082,1.258297212213
3,-13,-0.107433,-0.699082,1.258297212213
3,-12,-0.107433,-0.699082,1.258297212213
3,-11,-0.107433,-0.699082,1.258297212213
3,-10,0.112926,0.240988,0.04390876761999999
3,-9,0.105813,0.207513,0.05529093113799999
3,-8,0.098698,0.174037,0.06901552757299999
3,-7,0.091584,0.14056,0.08508339265599998
3,-6,0.084469,0.107081,0.10349496752199999
3,-5,0.077354,0.0736,0.12425085131599999
3,-4,0.070239,0.040118,0.14735069104499998
3,-3,0.063123,0.006634,0.172795383085
3,-2,0.056007,-0.026851,0.20058459525
3,-1,0.04889,-0.060337,0.23071843066899997
3,0,0.041774,-0.093825,0.263198322701
3,1,0.034657,-0.127315,0.29802449187400004
3,2,0.027539,-0.160806,0.335196226157
3,3,0.020422,-0.194299,0.37471507448499997
3,4,0.013304,-0.227793,0.416580052265
3,5,0.006185,-0.261288,0.4607914031689999
3,6,-0.000933,-0.294785,0.5073507917140001
3,7,-0.008052,-0.328284,0.5562586093599999
3,8,-0.015172,-0.361784,0.60751374224
3,9,-0.022291,-0.395286,0.6611179704769999
3,10,-0.029411,-0.428789,0.7170700784419999
3,11,-0.036531,-0.462294,0.7753719963969999
3,12,-0.043652,-0.4958,0.836022387104
3,13,-0.050773,-0.529308,0.8990232863929999
3,14,-0.057894,-0.562817,0.9643731357249999
3,15,-0.065016,-0.596328,1.03207429384
3,16,-0.072137,-0.62984,1.102124822369
3,17,-0.07926,-0.663354,1.1745275169159999
3,18,-0.086382,-0.696869,1.249280118085
3,19,-0.093505,-0.730386,1.3263854540209998
4,-20,-0.093505,-0.730386,1.3263854540209998
4,-19,-0.093505,-0.730386,1.3263854540209998
4,-18,-0.093505,-0.730386,1.3263854540209998
4,-17,-0.093505,-0.730386,1.3263854540209998
4,-16,-0.093505,-0.730386,1.3263854540209998
4,-15,-0.093505,-0.730386,1.3263854540209998
4,-14,-0.093505,-0.730386,1.3263854540209998
4,-13,-0.093505,-0.730386,1.3263854540209998
4,-12,-0.093505,-0.730386,1.3263854540209998
4,-11,0.133964,0.243199,0.048327191896999994
4,-10,0.126851,0.209724,0.05926204237699999
4,-9,0.119737,0.176248,0.072539476673
4,-8,0.112623,0.142771,0.08815996357
4,-7,0.105509,0.109292,0.106124320345
4,-6,0.098394,0.075811,0.12643275195699996
4,-5,0.091279,0.042329,0.14908513508199997
4,-4,0.084164,0.008846,0.17408167061199997
4,-3,0.077048,-0.024639,0.201423289625
4,-2,0.069932,-0.058126,0.2311105765
4,-1,0.062816,-0.091614,0.263142914852
4,0,0.055699,-0.125103,0.2975203942099999
4,1,0.048583,-0.158594,0.334244604725
4,2,0.041465,-0.192087,0.373315656794
4,3,0.034348,-0.225581,0.414732957665
4,4,0.02723,-0.259076,0.4584965566759999
4,5,0.020112,-0.292574,0.50460957802
4,6,0.012993,-0.326072,0.5530681372329999
4,7,0.005875,-0.359572,0.603875408809
4,8,-0.001245,-0.393074,0.6570317595009999
4,9,-0.008364,-0.426577,0.7125359384249998
4,10,-0.015484,-0.460082,0.7703899209799999
4,11,-0.022604,-0.493588,0.83059228456
4,12,-0.029724,-0.527096,0.893145119392
4,13,-0.036845,-0.560605,0.9580469450500001
4,14,-0.043966,-0.594115,1.0252979173809997
4,15,-0.051087,-0.627628,1.0949024179530003
4,16,-0.058209,-0.661141,1.166854694562
4,17,-0.065331,-0.694657,1.2411613322099997
4,18,-0.072453,-0.728173,1.3178160601379998
4,19,-0.079576,-0.761692,1.3968261126400001
5,-20,-0.079576,-0.761692,1.3968261126400001
5,-19,-0.079576,-0.761692,1.3968261126400001
5,-18,-0.079576,-0.761692,1.3968261126400001
5,-17,-0.079576,-0.761692,1.3968261126400001
5,-16,-0.079576,-0.761692,1.3968261126400001
5,-15,-0.079576,-0.761692,1.3968261126400001
5,-14,-0.079576,-0.761692,1.3968261126400001
5,-13,-0.079576,-0.761692,1.3968261126400001
5,-12,0.155002,0.24541,0.05364058810399999
5,-11,0.147889,0.211936,0.06412771441699998
5,-10,0.140776,0.17846,0.076958003776
5,-9,0.133662,0.144982,0.092131590568
5,-8,0.126548,0.111503,0.10964856031299997
5,-7,0.119434,0.078023,0.12950911388499997
5,-6,0.11232,0.044541,0.15171419808099998
5,-5,0.105205,0.011057,0.176264004274
5,-4,0.09809,-0.022427,0.20315741342899996
5,-3,0.090974,-0.055914,0.23239708407200002
5,-2,0.083858,-0.089402,0.26398180176799996
5,-1,0.076742,-0.122891,0.2979117674449999
5,0,0.069626,-0.156382,0.3341883298
5,1,0.062509,-0.189875,0.372811765706
5,2,0.055392,-0.223369,0.413781348825
5,3,0.048275,-0.256865,0.45709862884999997
5,4,0.041157,-0.290362,0.5027625096930001
5,5,0.034039,-0.32386,0.550773303121
5,6,0.026921,-0.35736,0.601132759841
5,7,0.019802,-0.390862,0.653841242248
5,8,0.012683,-0.424365,0.708897536714
5,9,0.005564,-0.457869,0.7663018442570001
5,10,-0.001556,-0.491376,0.8260580045120001
5,11,-0.008676,-0.524883,0.888160991665
5,12,-0.015796,-0.558392,0.95261470928
5,13,-0.022917,-0.591903,1.0194196052979998
5,14,-0.030037,-0.625415,1.088573918594
5,15,-0.037159,-0.658929,1.1600801833220002
5,16,-0.04428,-0.692444,1.233936401536
5,17,-0.051402,-0.725961,1.3101452241249998
5,18,-0.058524,-0.759479,1.388704625017
5,19,-0.065647,-0.792999,1.46961735761
6,-20,-0.065647,-0.792999,1.46961735761
6,-19,-0.065647,-0.792999,1.46961735761
6,-18,-0.065647,-0.792999,1.46961735761
6,-17,-0.065647,-0.792999,1.46961735761
6,-16,-0.065647,-0.792999,1.46961735761
6,-15,-0.065647,-0.792999,1.46961735761
6,-14,-0.065647,-0.792999,1.46961735761
6,-13,0.176039,0.247621,0.059848604161999996
6,-12,0.168927,0.214147,0.069888773938
6,-11,0.161814,0.180671,0.08227174583699999
6,-10,0.154701,0.147193,0.09699827364999998
6,-9,0.147588,0.113715,0.11406754396899998
6,-8,0.140474,0.080234,0.13348129943199996
6,-7,0.13336,0.046752,0.15523896910399998
6,-6,0.126246,0.013269,0.17934075387700002
6,-5,0.119131,-0.020216,0.205787491817
6,-4,0.112016,-0.053702,0.23457890906
6,-3,0.104901,-0.08719,0.2657162159009999
6,-2,0.097785,-0.12068,0.299199618625
6,-1,0.090669,-0.154171,0.33502859980200006
6,0,0.083553,-0.187663,0.373203360378
6,1,0.076436,-0.221157,0.41372522574500004
6,2,0.06932,-0.254653,0.456594917809
6,3,0.062202,-0.28815,0.5018110113040001
6,4,0.055085,-0.321648,0.5493741231289999
6,5,0.047967,-0.355148,0.599285764993
6,6,0.040849,-0.38865,0.651546463301
6,7,0.03373,-0.422153,0.706154873309
6,8,0.026611,-0.455657,0.7631112919699999
6,9,0.019492,-0.489163,0.8224177336330001
6,10,0.012373,-0.522671,0.88407460037
6,11,0.005253,-0.55618,0.9480803364089999
6,12,-0.001867,-0.589691,1.01443719617
6,13,-0.008988,-0.623203,1.0831435183529998
6,14,-0.016108,-0.656716,1.1541994823199997
6,15,-0.023229,-0.690232,1.227609770265
6,16,-0.030351,-0.723748,1.3033681807050002
6,17,-0.037472,-0.757266,1.3814793055399999
6,18,-0.044594,-0.790786,1.4619436826319998
6,19,-0.051717,-0.824307,1.5447592733380004
7,-20,-0.051717,-0.824307,1.5447592733380004
7,-19,-0.051717,-0.824307,1.5447592733380004
7,-18,-0.051717,-0.824307,1.5447592733380004
7,-17,-0.051717,-0.824307,1.5447592733380004
7,-16,-0.051717,-0.824307,1.5447592733380004
7,-15,-0.051717,-0.824307,1.5447592733380004
7,-14,0.197077,0.249832,0.066951902153
7,-13,0.189965,0.216358,0.07654480538899999
7,-12,0.182853,0.182882,0.08848082553299999
7,-11,0.17574,0.149405,0.10275947662499998
7,-10,0.168627,0.115926,0.119381942605
7,-9,0.161514,0.082446,0.13834795511199996
7,-8,0.154401,0.048964,0.15965845209699997
7,-7,0.147287,0.01548,0.18331354076899997
7,-6,0.140173,-0.018004,0.209312203945
7,-5,0.133058,-0.051491,0.23765698944500002
7,-4,0.125943,-0.084979,0.26834678469000006
7,-3,0.118828,-0.118468,0.301381790608
7,-2,0.111713,-0.151959,0.33676334704999994
7,-1,0.104597,-0.185451,0.37449044081000005
7,0,0.097481,-0.218945,0.4145647833859999
7,1,0.090364,-0.252441,0.456986595977
7,2,0.083248,-0.285938,0.501755249348
7,3,0.07613,-0.319436,0.548870444996
7,4,0.069013,-0.352936,0.598334424265
7,5,0.061895,-0.386438,0.650147298869
7,6,0.054777,-0.419941,0.70430794821
7,7,0.047659,-0.453445,0.7608165733059999
7,8,0.04054,-0.486951,0.819675103001
7,9,0.033421,-0.520459,0.8808840489219999
7,10,0.026302,-0.553968,0.944441870228
7,11,0.019182,-0.587478,1.0103487296079998
7,12,0.012062,-0.62099,1.078606971944
7,13,0.004942,-0.654504,1.14921699938
7,14,-0.002178,-0.688019,1.2221770030450003
7,15,-0.009299,-0.721536,1.2974894806969999
7,16,-0.016421,-0.755054,1.3751525321569997
7,17,-0.023542,-0.788573,1.4551663070929999
7,18,-0.030664,-0.822094,1.5375335657319995
7,19,-0.037786,-0.855617,1.6222546774850002
8,-20,-0.037786,-0.855617,1.6222546774850002
8,-19,-0.037786,-0.855617,1.6222546774850002
8,-18,-0.037786,-0.855617,1.6222546774850002
8,-17,-0.037786,-0.855617,1.6222546774850002
8,-16,-0.037786,-0.855617,1.6222546774850002
8,-15,0.218114,0.252043,0.07494973584499999
8,-14,0.211003,0.218569,0.08409580876999999
8,-13,0.203891,0.185093,0.09558455352999998
8,-12,0.196779,0.151616,0.10941627629700001
8,-11,0.189667,0.118137,0.125591776658
8,-10,0.182554,0.084657,0.144110425565
8,-9,0.175441,0.051175,0.164973550106
8,-8,0.168328,0.017692,0.188180752448
8,-7,0.161214,-0.015793,0.21373277764499998
8,-6,0.1541,-0.049279,0.24162944484100002
8,-5,0.146986,-0.082767,0.271871955485
8,-4,0.139871,-0.116256,0.30445936417700004
8,-3,0.132756,-0.149747,0.33939331454499994
8,-2,0.125641,-0.18324,0.376674208481
8,-1,0.118525,-0.216733,0.4162996739140001
8,0,0.111409,-0.250229,0.45827398272200004
8,1,0.104293,-0.283726,0.5025949329249999
8,2,0.097176,-0.317224,0.5492625311519999
8,3,0.090059,-0.350724,0.598278737657
8,4,0.082942,-0.384226,0.6496439544399999
8,5,0.075824,-0.417728,0.7033550909599999
8,6,0.068707,-0.451233,0.7594176771379999
8,7,0.061588,-0.484739,0.817828294865
8,8,0.05447,-0.518246,0.8785875574159999
8,9,0.047351,-0.551755,0.9416973722259999
8,10,0.040232,-0.585266,1.0071582645799997
8,11,0.033112,-0.618778,1.074968497828
8,12,0.025993,-0.652291,1.1451284197299998
8,13,0.018872,-0.685806,1.2176402820199999
8,14,0.011752,-0.719323,1.2925046428330005
8,15,0.004631,-0.752841,1.3697195024420001
8,16,-0.00249,-0.786361,1.4492875074209997
8,17,-0.009611,-0.819882,1.5312065852449999
8,18,-0.016733,-0.853404,1.6154769705050003
8,19,-0.023855,-0.886928,1.7021014682090003
9,-20,-0.023855,-0.886928,1.7021014682090003
9,-19,-0.023855,-0.886928,1.7021014682090003
9,-18,-0.023855,-0.886928,1.7021014682090003
9,-17,-0.023855,-0.886928,1.7021014682090003
9,-16,0.239152,0.254254,0.08384293562
9,-15,0.232041,0.22078,0.092541784081
9,-14,0.22493,0.187305,0.10358324292499999
9,-13,0.217818,0.153827,0.116968132053
9,-12,0.210706,0.120349,0.132695735237
9,-11,0.203594,0.086868,0.15076803626
9,-10,0.196482,0.053387,0.17118345309299998
9,-9,0.189369,0.019903,0.19394399256999997
9,-8,0.182255,-0.013581,0.219047713586
9,-7,0.175142,-0.047068,0.24649814678799997
9,-6,0.168028,-0.080555,0.276292191809
9,-5,0.160914,-0.114045,0.3084334024209999
9,-4,0.153799,-0.147535,0.342918683626
9,-3,0.146684,-0.181028,0.37975196263999994
9,-2,0.139569,-0.214522,0.41893131424499996
9,-1,0.132454,-0.248017,0.4604569394049999
9,0,0.125338,-0.281514,0.50433018644
9,1,0.118222,-0.315012,0.5505502714280001
9,2,0.111105,-0.348512,0.5991187051689999
9,3,0.103989,-0.382013,0.6500347492899999
9,4,0.096872,-0.415516,0.70329984064
9,5,0.089754,-0.449021,0.7589144239569999
9,6,0.082636,-0.482527,0.8168773092249999
9,7,0.075518,-0.516034,0.87718869748
9,8,0.0684,-0.549543,0.9398507238489999
9,9,0.061281,-0.583053,1.0048616667699999
9,10,0.054162,-0.616565,1.072223946469
9,11,0.047043,-0.650079,1.1419379650899997
9,12,0.039923,-0.683594,1.214001842765
9,13,0.032803,-0.71711,1.2884158889089996
9,14,0.025683,-0.750628,1.3651826408729997
9,15,0.018562,-0.784148,1.4443024637480002
9,16,0.011442,-0.817669,1.525773377925
9,17,0.00432,-0.851192,1.609598053264
9,18,-0.002801,-0.884716,1.695774356257
9,19,-0.009923,-0.918241,1.7843024850100002
10,-20,-0.009923,-0.918241,1.7843024850100002
10,-19,-0.009923,-0.918241,1.7843024850100002
10,-18,-0.009923,-0.918241,1.7843024850100002
10,-17,0.26019,0.256466,0.09363078525599998
10,-16,0.253079,0.222991,0.101882731322
10,-15,0.245968,0.189516,0.11247696128
10,-14,0.238857,0.156039,0.12541452096999997
10,-13,0.231746,0.12256,0.140695812116
10,-12,0.224634,0.08908,0.158320130356
10,-11,0.217522,0.055598,0.17828887808799998
10,-10,0.21041,0.022115,0.200601666325
10,-9,0.203297,-0.01137,0.22525914710899997
10,-8,0.196184,-0.044856,0.252261232592
10,-7,0.18907,-0.078344,0.28160873723599994
10,-6,0.181957,-0.111833,0.31330177473799997
10,-5,0.174843,-0.145324,0.347340929625
10,-4,0.167728,-0.178816,0.38372545383999995
10,-3,0.160614,-0.21231,0.42245749309599995
10,-2,0.153499,-0.245805,0.46353546602600004
10,-1,0.146383,-0.279302,0.5069610098929999
10,0,0.139268,-0.3128,0.5527336658239999
10,1,0.132152,-0.3463,0.6008545911040001
10,2,0.125035,-0.379801,0.651322635826
10,3,0.117919,-0.413304,0.7041401769769999
10,4,0.110802,-0.446809,0.759307130685
10,5,0.103684,-0.480314,0.8168203504520001
10,6,0.096567,-0.513822,0.876685853173
10,7,0.089449,-0.547331,0.938899982162
10,8,0.082331,-0.580841,1.003463145842
10,9,0.075212,-0.614353,1.0703774585529997
10,10,0.068093,-0.647866,1.139641370605
10,11,0.060974,-0.681381,1.211257280837
10,12,0.053855,-0.714898,1.285225591429
10,13,0.046735,-0.748416,1.3615442792809997
10,14,0.039615,-0.781935,1.4402136674500001
10,15,0.032494,-0.815456,1.5212363579719999
10,16,0.025374,-0.848979,1.6046128973169997
10,17,0.018252,-0.882503,1.690340935513
10,18,0.011131,-0.916028,1.7784208259449996
10,19,0.004009,-0.949555,1.8688554451060004
11,-20,0.004009,-0.949555,1.8688554451060004
11,-19,0.004009,-0.949555,1.8688554451060004
11,-18,0.281227,0.258677,0.104313370858
11,-17,0.274117,0.225203,0.112118265898
11,-16,0.267007,0.191727,0.12226618557799998
11,-15,0.259896,0.15825,0.13475649331599998
11,-14,0.252785,0.124771,0.14959052366599995
11,-13,0.245674,0.091291,0.166768025957
11,-12,0.238562,0.05781,0.18628872394399998
11,-11,0.23145,0.024326,0.20815489677599996
11,-10,0.224338,-0.009158,0.23236458720800002
11,-9,0.217226,-0.042644,0.258919635812
11,-8,0.210113,-0.076132,0.28782002419299996
11,-7,0.202999,-0.109621,0.319065142642
11,-6,0.195886,-0.143112,0.35265713954
11,-5,0.188772,-0.176604,0.38859443079999995
11,-4,0.181658,-0.210098,0.426878878568
11,-3,0.174543,-0.243593,0.4675092134979999
11,-2,0.167428,-0.27709,0.5104874032840001
11,-1,0.160313,-0.310588,0.555812393713
11,0,0.153198,-0.344088,0.6034859089479999
11,1,0.146082,-0.377589,0.6535064686449998
11,2,0.138966,-0.411092,0.70587625162
11,3,0.131849,-0.444596,0.7605936720169999
11,4,0.124732,-0.478102,0.8176610142280001
11,5,0.117615,-0.511609,0.8770768221059999
11,6,0.110498,-0.545118,0.938843221928
11,7,0.10338,-0.578629,1.0029604090409998
11,8,0.096262,-0.612141,1.069426961525
11,9,0.089144,-0.645654,1.1382430804519998
11,10,0.082025,-0.679169,1.2094109961859998
11,11,0.074906,-0.712685,1.2829290430609999
11,12,0.067787,-0.746203,1.3587997495779998
11,13,0.060667,-0.779723,1.4370233966180004
11,14,0.053547,-0.813243,1.5175956132579997
11,15,0.046427,-0.846766,1.6005239850850004
11,16,0.039306,-0.88029,1.6858038457359998
11,17,0.032185,-0.913815,1.7734355034500002
11,18,0.025064,-0.947342,1.8634218890599996
11,19,0.017942,-0.980871,1.955763369005
12,-20,0.017942,-0.980871,1.955763369005
12,-19,0.302265,0.260888,0.115891448769
12,-18,0.295155,0.227414,0.123249161421
12,-17,0.288046,0.193938,0.13295046596
12,-16,0.280935,0.160461,0.144993521746
12,-15,0.273825,0.126983,0.15938025791399996
12,-14,0.266714,0.093503,0.17611041380499998
12,-13,0.259603,0.060021,0.19518495304999997
12,-12,0.252491,0.026538,0.21660299052499998
12,-11,0.24538,-0.006947,0.24036660020899997
12,-10,0.238268,-0.040433,0.26647427231299997
12,-9,0.231155,-0.07392,0.294926250425
12,-8,0.224042,-0.10741,0.32572532586399994
12,-7,0.216929,-0.1409,0.358868751041
12,-6,0.209816,-0.174392,0.39435889352
12,-5,0.202702,-0.207886,0.4321957498
12,-4,0.195588,-0.241381,0.47237883790500007
12,-3,0.188474,-0.274878,0.5149097435599999
12,-2,0.181359,-0.308376,0.5597870542569999
12,-1,0.174244,-0.341876,0.6070128809120001
12,0,0.167129,-0.375377,0.6565860397700001
12,1,0.160013,-0.40888,0.7085080645690001
12,2,0.152897,-0.442384,0.762777986065
12,3,0.145781,-0.47589,0.8193977920609998
12,4,0.138664,-0.509397,0.8783657535049999
12,5,0.131547,-0.542906,0.939684298045
12,6,0.12443,-0.576416,1.003351839956
12,7,0.117312,-0.609928,1.069370400528
12,8,0.110194,-0.643441,1.1377385231170003
12,9,0.103076,-0.676956,1.2084585977120001
12,10,0.095957,-0.710473,1.2815308345779999
12,11,0.088839,-0.74399,1.3569513880210002
12,12,0.081719,-0.77751,1.434726895061
12,13,0.0746,-0.811031,1.5148535779609995
12,14,0.06748,-0.844553,1.5973313252089998
12,15,0.06036,-0.878077,1.6821630925289999
12,16,0.053239,-0.911602,1.769346517525
12,17,0.046119,-0.945129,1.8588847538020004
12,18,0.038997,-0.978658,1.950777926973
12,19,0.031876,-1.012188,2.0450238567200003
13,-20,0.323303,0.263099,0.12836449861
13,-19,0.316193,0.229625,0.135275028874
13,-18,0.309084,0.19615,0.144528741556
13,-17,0.301974,0.162673,0.156125096605
13,-16,0.294864,0.129194,0.17006512813199998
13,-15,0.287754,0.095714,0.18634859431200002
13,-14,0.280643,0.062232,0.20497584527299997
13,-13,0.273532,0.028749,0.225947095025
13,-12,0.266421,-0.004735,0.249262544466
13,-11,0.259309,-0.038221,0.274922787322
13,-10,0.252197,-0.071709,0.30292877249
13,-9,0.245085,-0.105198,0.333279856429
13,-8,0.237973,-0.138688,0.365976240073
13,-7,0.23086,-0.172181,0.401020021361
13,-6,0.223746,-0.205674,0.438408106792
13,-5,0.216633,-0.239169,0.47814403224999996
13,-4,0.209519,-0.272666,0.520227318917
13,-3,0.202405,-0.306164,0.5646573689209999
13,-2,0.19529,-0.339664,0.6114355069959999
13,-1,0.188175,-0.373165,0.6605609728499999
13,0,0.18106,-0.406668,0.712035615824
13,1,0.173944,-0.440172,0.76585777472
13,2,0.166829,-0.473678,0.8220301429250001
13,3,0.159712,-0.507185,0.880550272169
13,4,0.152596,-0.540694,0.9414212808519999
13,5,0.145479,-0.574204,1.0046409630570001
13,6,0.138362,-0.607716,1.0702118896999997
13,7,0.131245,-0.641229,1.1381323454660002
13,8,0.124127,-0.674744,1.208404467665
13,9,0.117009,-0.70826,1.2810266836810003
13,10,0.10989,-0.741778,1.356001293384
13,11,0.102772,-0.775297,1.4333267671930001
13,12,0.095653,-0.808818,1.513005333533
13,13,0.088533,-0.84234,1.5950349176890002
13,14,0.081414,-0.875864,1.6794186758919998
13,15,0.074294,-0.90939,1.7661566705360003
13,16,0.067173,-0.942916,1.8552439049849996
13,17,0.060053,-0.976445,1.946689025834
13,18,0.052932,-1.009975,2.040486672249
13,19,0.04581,-1.043506,2.136637088136
14,-20,0.337232,0.231836,0.14819654272
14,-19,0.330123,0.198361,0.15700309645
14,-18,0.323013,0.164884,0.16815224162499998
14,-17,0.315904,0.131405,0.181645686241
14,-16,0.308794,0.097925,0.197481915061
14,-15,0.301684,0.064444,0.215661774992
14,-14,0.294573,0.030961,0.23618565084999996
14,-13,0.287462,-0.002524,0.25905456202
14,-12,0.280351,-0.03601,0.284268003301
14,-11,0.27324,-0.069497,0.311826175609
14,-10,0.266128,-0.102986,0.34172978857999997
14,-9,0.259016,-0.136477,0.373979804785
14,-8,0.251903,-0.169969,0.40857494737000005
14,-7,0.244791,-0.203462,0.445516439125
14,-6,0.237677,-0.236957,0.48480432117799993
14,-5,0.230564,-0.270454,0.526440464212
14,-4,0.22345,-0.303952,0.5704228908039999
14,-3,0.216336,-0.337452,0.6167537872
14,-2,0.209222,-0.370953,0.665431978493
14,-1,0.202107,-0.404456,0.7164589053849999
14,0,0.194992,-0.43796,0.769833691664
14,1,0.187877,-0.471465,0.825556538354
14,2,0.180761,-0.504973,0.88363097485
14,3,0.173645,-0.538481,0.9440522583859999
14,4,0.166529,-0.571991,1.006824346922
14,5,0.159412,-0.605503,1.0719473237530002
14,6,0.152295,-0.639016,1.139419825281
14,7,0.145178,-0.672531,1.209244232645
14,8,0.13806,-0.706047,1.2814184248089997
14,9,0.130942,-0.739565,1.355945221589
14,10,0.123824,-0.773084,1.4328226440319995
14,11,0.116705,-0.806605,1.51205310805
14,12,0.109586,-0.840128,1.5936372777799999
14,13,0.102467,-0.873651,1.6775703908899997
14,14,0.095348,-0.907177,1.7638603954329997
14,15,0.088228,-0.940703,1.852499569193
14,16,0.081108,-0.974232,1.9434964674879998
14,17,0.073987,-1.007762,2.036845844813
14,18,0.066866,-1.041293,2.132548078805
14,19,0.059745,-1.074826,2.230606355301
15,-20,0.351161,0.200572,0.170371805105
15,-19,0.344052,0.167095,0.18107444272900003
15,-18,0.336943,0.133617,0.194120142938
15,-17,0.329834,0.100137,0.209509741325
15,-16,0.322724,0.066655,0.22724299420099997
15,-15,0.315614,0.033172,0.24732020858000003
15,-14,0.308504,-0.000312,0.2697415853599999
15,-13,0.301393,-0.033798,0.294507625253
15,-12,0.294282,-0.067286,0.32161936132
15,-11,0.287171,-0.100774,0.351075122317
15,-10,0.280059,-0.134265,0.38287765870599993
15,-9,0.272947,-0.167757,0.4170258208579999
15,-8,0.265835,-0.201251,0.45352104722600006
15,-7,0.258722,-0.234746,0.4923619178
15,-6,0.251609,-0.268242,0.533549179445
15,-5,0.244496,-0.30174,0.577084471616
15,-4,0.237382,-0.33524,0.6229677215239999
15,-3,0.230268,-0.368741,0.6711982619049999
15,-2,0.223154,-0.402243,0.721776293765
15,-1,0.21604,-0.435748,0.774705431104
15,0,0.208925,-0.469253,0.8299805386339998
15,1,0.201809,-0.50276,0.887605340081
15,2,0.194694,-0.536269,0.947581058997
15,3,0.187578,-0.569779,1.009905329925
15,4,0.180462,-0.603291,1.074580799125
15,5,0.173345,-0.636804,1.141605413441
15,6,0.166229,-0.670319,1.2109822572020001
15,7,0.159111,-0.703835,1.282708492546
15,8,0.151994,-0.737353,1.3567876276450002
15,9,0.144876,-0.770872,1.4332170657599999
15,10,0.137758,-0.804392,1.511997326228
15,11,0.13064,-0.837915,1.5931336318249998
15,12,0.123521,-0.871438,1.6766186052849996
15,13,0.116402,-0.904964,1.7624604569000002
15,14,0.109282,-0.938491,1.8506541476049998
15,15,0.102163,-0.972019,1.9412003299299998
15,16,0.095043,-1.005549,2.03410162825
15,17,0.087922,-1.03908,2.129355574484
15,18,0.080802,-1.072613,2.226965715973
15,19,0.073681,-1.106147,2.3269290703700003
16,-20,0.365091,0.169306,0.19489169991699998
16,-19,0.357983,0.135828,0.207490943873
16,-18,0.350874,0.102348,0.22243334698
16,-17,0.343765,0.068867,0.23971934391399996
16,-16,0.336655,0.035384,0.259349226481
16,-15,0.329545,0.001899,0.28132409822599996
16,-14,0.322435,-0.031586,0.30564256462100003
16,-13,0.315325,-0.065074,0.33230752110100004
16,-12,0.308214,-0.098563,0.3613168897649999
16,-11,0.301102,-0.132053,0.39267091421299993
16,-10,0.293991,-0.165545,0.42637218010600003
16,-9,0.286879,-0.199039,0.4624198991619999
16,-8,0.279767,-0.232534,0.5008137754449999
16,-7,0.272654,-0.26603,0.541553464616
16,-6,0.265542,-0.299528,0.584641706548
16,-5,0.258429,-0.333028,0.630077826825
16,-4,0.251315,-0.366529,0.6778607020659999
16,-3,0.244201,-0.400031,0.727991064362
16,-2,0.237087,-0.433535,0.780470816794
16,-1,0.229973,-0.467041,0.8353003614100001
16,0,0.222858,-0.500548,0.8924778184679999
16,1,0.215743,-0.534057,0.9520057662979999
16,2,0.208628,-0.567567,1.013882636873
16,3,0.201512,-0.601078,1.078108228228
16,4,0.194396,-0.634591,1.1446852770969997
16,5,0.187279,-0.668106,1.2136138110769996
16,6,0.180163,-0.701622,1.284892757453
16,7,0.173046,-0.73514,1.3585238877159997
16,8,0.165928,-0.768659,1.434505274465
16,9,0.158811,-0.80218,1.5128402361209998
16,10,0.151693,-0.835702,1.5935260190529998
16,11,0.144575,-0.869226,1.6765657297010002
16,12,0.137456,-0.902751,1.7619568549369995
16,13,0.130337,-0.936278,1.8497026068530005
16,14,0.123218,-0.969806,1.9398006131599999
16,15,0.116098,-1.003336,2.0322536845
16,16,0.108978,-1.036867,2.127059575173
16,17,0.101858,-1.0704,2.224221462164
16,18,0.094738,-1.103934,2.323736705
16,19,0.087617,-1.13747,2.4256084395890003
17,-20,0.379022,0.138039,0.221756127005
17,-19,0.371914,0.10456,0.23625146699600003
17,-18,0.364805,0.071078,0.253090890109
17,-17,0.357696,0.037595,0.272274237441
17,-16,0.350587,0.004111,0.29380170989
17,-15,0.343477,-0.029375,0.31767371515399995
17,-14,0.336367,-0.062862,0.343890409733
17,-13,0.329256,-0.096351,0.3724523637369999
17,-12,0.322146,-0.129842,0.40336131028
17,-11,0.315035,-0.163333,0.43661402511399994
17,-10,0.307923,-0.196827,0.47221423685799996
17,-9,0.300812,-0.230322,0.510161203028
17,-8,0.2937,-0.263818,0.550453907124
17,-7,0.286587,-0.297316,0.593094022425
17,-6,0.279475,-0.330816,0.6380831114809999
17,-5,0.272362,-0.364317,0.6854188805329999
17,-4,0.265248,-0.397819,0.7351015732649998
17,-3,0.258135,-0.431323,0.787134163554
17,-2,0.251021,-0.464829,0.8415160066819998
17,-1,0.243907,-0.498336,0.898246203545
17,0,0.236792,-0.531844,0.9573244815999999
17,1,0.229677,-0.565354,1.018753509645
17,2,0.222562,-0.598866,1.0825336898000002
17,3,0.215446,-0.632379,1.148662893557
17,4,0.20833,-0.665894,1.217143948136
17,5,0.201214,-0.69941,1.2879750218959996
17,6,0.194098,-0.732927,1.3611563159330002
17,7,0.186981,-0.766446,1.4366900252769998
17,8,0.179864,-0.799967,1.5145769545850003
17,9,0.172746,-0.833489,1.5948146586370002
17,10,0.165628,-0.867013,1.677406281553
17,11,0.15851,-0.900538,1.762349589544
17,12,0.151392,-0.934065,1.8496474868889996
17,13,0.144273,-0.967593,1.939297317178
17,14,0.137154,-1.001123,2.031302435845
17,15,0.130035,-1.034654,2.1256603409409998
17,16,0.122915,-1.068187,2.222373959194
17,17,0.115795,-1.101721,2.3214409288659996
17,18,0.108674,-1.135256,2.4228612338119997
17,19,0.101554,-1.168794,2.5266418693520003
18,-20,0.392954,0.106771,0.250965357557
18,-19,0.385846,0.07329,0.267357659816
18,-18,0.378737,0.039807,0.286093717418
18,-17,0.371628,0.006323,0.30717389571299997
18,-16,0.364519,-0.027163,0.33059928492999996
18,-15,0.357409,-0.060651,0.35636957208199993
18,-14,0.350299,-0.094139,0.38448385572199995
18,-13,0.343189,-0.12763,0.41494540662100005
18,-12,0.336078,-0.161122,0.4477518409679999
18,-11,0.328968,-0.194615,0.48290471824899994
18,-10,0.321856,-0.22811,0.520403556836
18,-9,0.314745,-0.261606,0.560249374261
18,-8,0.307633,-0.295104,0.602442523505
18,-7,0.300521,-0.328604,0.646984050257
18,-6,0.293408,-0.362105,0.693872210489
18,-5,0.286295,-0.395607,0.743107820474
18,-4,0.279182,-0.429111,0.794692774445
18,-3,0.272069,-0.462616,0.848625714217
18,-2,0.264955,-0.496123,0.904908138154
18,-1,0.257841,-0.529632,0.963541006705
18,0,0.250726,-0.563142,1.02452225924
18,1,0.243612,-0.596653,1.0878531139529997
18,2,0.236497,-0.630166,1.1535348785650001
18,3,0.229381,-0.663681,1.221567997922
18,4,0.222265,-0.697197,1.2919511320340002
18,5,0.215149,-0.730715,1.364686778426
18,6,0.208033,-0.764234,1.4397729758450002
18,7,0.200916,-0.797754,1.5172095235719996
18,8,0.193799,-0.831276,1.5969995505769996
18,9,0.186682,-0.8648,1.679143459124
18,10,0.179564,-0.898325,1.7636386607210002
18,11,0.172446,-0.931852,1.8504884428200004
18,12,0.165328,-0.96538,1.9396904419840004
18,13,0.158209,-0.99891,2.0312473757809997
18,14,0.151091,-1.032441,2.1251573937619996
18,15,0.143971,-1.065973,2.22141979057
18,16,0.136852,-1.099508,2.3200417419679997
18,17,0.129732,-1.133043,2.421013986673
18,18,0.122612,-1.16658,2.524343148944
18,19,0.115491,-1.200119,2.630029400242
19,-20,0.406886,0.075501,0.282519532997
19,-19,0.399778,0.042018,0.300809181608
19,-18,0.392669,0.008534,0.32144213271699995
19,-17,0.385561,-0.024952,0.3444210570249999
19,-16,0.378452,-0.058439,0.369743848025
19,-15,0.371342,-0.091928,0.39741176814800006
19,-14,0.364232,-0.125418,0.42742490454800003
19,-13,0.357122,-0.15891,0.4597846109839999
19,-12,0.350012,-0.192403,0.49449006955299996
19,-11,0.342901,-0.225898,0.5315420822049999
19,-10,0.33579,-0.259394,0.5709404113359999
19,-9,0.328679,-0.292892,0.6126866787049998
19,-8,0.321567,-0.326392,0.656780643153
19,-7,0.314455,-0.359892,0.7032202686889999
19,-6,0.307343,-0.393395,0.7520104206739999
19,-5,0.30023,-0.426899,0.8031477241009998
19,-4,0.293117,-0.460404,0.856633008905
19,-3,0.286004,-0.493911,0.9124682989369999
19,-2,0.27889,-0.52742,0.9706534385
19,-1,0.271776,-0.56093,1.031187459076
19,0,0.264662,-0.594441,1.094070561725
19,1,0.257547,-0.627954,1.1593045233249997
19,2,0.250432,-0.661468,1.2268881316479998
19,3,0.243317,-0.694984,1.296823812745
19,4,0.236201,-0.728502,1.369111496405
19,5,0.229085,-0.762021,1.4437497266659995
19,6,0.221969,-0.795542,1.520741130725
19,7,0.214853,-0.829064,1.600083617705
19,8,0.207736,-0.862587,1.6817769732649999
19,9,0.200619,-0.896112,1.765824469705
19,10,0.193501,-0.929639,1.8522261223219996
19,11,0.186383,-0.963167,1.9409799875779996
19,12,0.179265,-0.996696,2.032086266641
19,13,0.172147,-1.030228,2.1255509515929996
19,14,0.165028,-1.06376,2.221365428384
19,15,0.157909,-1.097294,2.3195361147169997
19,16,0.150789,-1.13083,2.420063111421
19,17,0.14367,-1.164367,2.5229442745889994
19,18,0.13655,-1.197906,2.6281824473359996
19,19,0.129429,-1.231446,2.735774776957
